"","cohort","mouse","day","MUPs"
"1",53,"mouse1","pair1",0.90493222
"2",53,"mouse1","pair2",2.560509814
"3",53,"mouse1","pair3",12.6277759
"4",53,"mouse1","day1",10.70601311
"5",53,"mouse1","day2",13.32998213
"6",53,"mouse1","day3",8.599849744
"7",53,"mouse1","day4",16.11767433
"8",53,"mouse1","day5",16.4554241
"9",53,"mouse1","day6",12.41379254
"10",53,"mouse1","day7",13.11340138
"11",53,"mouse1","day9",9.636326539
"12",53,"mouse1","day10",9.881424245
"13",53,"mouse1","day11",10.71053576
"14",53,"mouse1","day12",8.931110414
"15",53,"mouse1","day13",13.0903201
"16",53,"mouse1","day14",8.308969868
"17",53,"mouse1","day15",8.865676812
"18",53,"mouse1","day17",13.65471897
"19",53,"mouse1","day19",16.80319564
"20",54,"mouse1","day3",8.185957144
"21",54,"mouse1","day4",9.834390579
"22",54,"mouse1","day5",8.17976436
"23",54,"mouse1","day6",11.4511205
"24",54,"mouse1","day7",8.368483233
"25",54,"mouse1","day9",10.33964388
"26",54,"mouse1","day11",10.24348874
"27",54,"mouse1","day13",NA
"28",54,"mouse1","pair1",9.505305261
"29",54,"mouse1","pair2",16.02168754
"30",54,"mouse1","pair3",13.73135927
"31",54,"mouse1","day1",7.035224908
"32",54,"mouse1","day2",6.002834006
"33",54,"mouse1","day15",13.44974095
"34",54,"mouse1","day17",10.6936731
"35",54,"mouse1","day19",17.82520793
"36",55,"mouse1","day4",8.51220009
"37",55,"mouse1","day1",13.44109181
"38",55,"mouse1","day2",15.76781021
"39",55,"mouse1","day3",11.74437464
"40",55,"mouse1","day9",10.68476813
"41",55,"mouse1","day5",10.74569249
"42",55,"mouse1","day6",15.96819439
"43",55,"mouse1","day7",11.69516851
"44",55,"mouse1","pair1",10.92015881
"45",55,"mouse1","pair2",9.125350651
"46",55,"mouse1","pair3",16.04099245
"47",55,"mouse1","day11",11.76547146
"48",55,"mouse1","day13",20.34147462
"49",55,"mouse1","day15",19.29888184
"50",55,"mouse1","day17",23.99373218
"51",55,"mouse1","day19",25.15138015
"52",56,"mouse1","pair1",3.081391372
"53",56,"mouse1","pair2",11.94937927
"54",56,"mouse1","pair3",21.40037845
"55",56,"mouse1","day15",31.91564984
"56",56,"mouse1","day2",17.13072942
"57",56,"mouse1","day3",17.18458011
"58",56,"mouse1","day4",20.02970747
"59",56,"mouse1","day1",18.50280393
"60",56,"mouse1","day11",19.72066173
"61",56,"mouse1","day17",29.33832015
"62",56,"mouse1","day19",25.67882389
"63",56,"mouse1","day7",21.57078922
"64",56,"mouse1","day5",19.54429642
"65",56,"mouse1","day6",16.31202938
"66",56,"mouse1","day13",51.26172668
"67",56,"mouse1","day9",17.66084926
"68",57,"mouse1","day13",27.80652649
"69",57,"mouse1","pair2",25.79820339
"70",57,"mouse1","pair3",32.23386174
"71",57,"mouse1","day1",26.37944438
"72",57,"mouse1","pair1",23.94927025
"73",57,"mouse1","day9",16.39544265
"74",57,"mouse1","day5",18.69685756
"75",57,"mouse1","day11",14.56512509
"76",57,"mouse1","day6",17.75010176
"77",57,"mouse1","day15",31.20778654
"78",57,"mouse1","day17",19.62702248
"79",57,"mouse1","day19",NA
"80",57,"mouse1","day2",19.42170904
"81",57,"mouse1","day3",16.87488159
"82",57,"mouse1","day4",16.93330555
"83",57,"mouse1","day7",18.90612446
"84",58,"mouse1","day13",26.51920463
"85",58,"mouse1","day6",11.4961658
"86",58,"mouse1","day2",16.83262583
"87",58,"mouse1","day3",17.67974405
"88",58,"mouse1","day19",20.85407661
"89",58,"mouse1","day7",19.21987804
"90",58,"mouse1","day15",21.50541772
"91",58,"mouse1","day17",21.98781864
"92",58,"mouse1","pair3",16.28413323
"93",58,"mouse1","day4",15.92054174
"94",58,"mouse1","pair1",9.733848354
"95",58,"mouse1","pair2",15.16426584
"96",58,"mouse1","day11",17.56240755
"97",58,"mouse1","day1",16.11333346
"98",58,"mouse1","day9",17.17258774
"99",58,"mouse1","day5",17.50561559
"100",53,"mouse10","pair3",21.99389577
"101",53,"mouse10","day14",13.04702243
"102",53,"mouse10","day19",14.93304745
"103",53,"mouse10","day6",10.95986639
"104",53,"mouse10","day4",14.90682343
"105",53,"mouse10","day12",12.25540661
"106",53,"mouse10","day13",14.10006943
"107",53,"mouse10","pair2",15.41374574
"108",53,"mouse10","day15",14.5461042
"109",53,"mouse10","day17",24.78530691
"110",53,"mouse10","day3",6.212987312
"111",53,"mouse10","day11",14.17059778
"112",53,"mouse10","day9",22.24075507
"113",53,"mouse10","day10",8.510306951
"114",53,"mouse10","day5",8.258115102
"115",53,"mouse10","day1",10.88613725
"116",53,"mouse10","pair1",5.453608764
"117",53,"mouse10","day7",8.389528732
"118",53,"mouse10","day2",9.803834203
"119",54,"mouse10","day2",12.3590031
"120",54,"mouse10","pair1",8.830414837
"121",54,"mouse10","pair2",12.4357349
"122",54,"mouse10","day4",7.093871032
"123",54,"mouse10","day1",7.346912907
"124",54,"mouse10","day19",13.01011256
"125",54,"mouse10","day17",9.844701776
"126",54,"mouse10","day11",11.37597963
"127",54,"mouse10","pair3",13.46307307
"128",54,"mouse10","day13",17.35735859
"129",54,"mouse10","day15",15.04919018
"130",54,"mouse10","day5",10.99082761
"131",54,"mouse10","day3",8.902059443
"132",54,"mouse10","day7",9.478895579
"133",54,"mouse10","day9",15.36856502
"134",54,"mouse10","day6",9.360379475
"135",55,"mouse10","day3",11.1426209
"136",55,"mouse10","day2",13.39712314
"137",55,"mouse10","day4",10.1595243
"138",55,"mouse10","pair1",8.433303692
"139",55,"mouse10","pair2",9.364632394
"140",55,"mouse10","day1",14.60289427
"141",55,"mouse10","day19",69.02293146
"142",55,"mouse10","day15",36.35922757
"143",55,"mouse10","day17",65.24235305
"144",55,"mouse10","day5",12.18047247
"145",55,"mouse10","day6",9.145545112
"146",55,"mouse10","day7",12.36809666
"147",55,"mouse10","pair3",12.86881479
"148",55,"mouse10","day9",14.36467435
"149",55,"mouse10","day11",12.42372803
"150",55,"mouse10","day13",23.36594323
"151",56,"mouse10","day3",19.00301297
"152",56,"mouse10","day1",14.23680521
"153",56,"mouse10","day11",14.23297678
"154",56,"mouse10","pair3",19.7763416
"155",56,"mouse10","day19",18.53433394
"156",56,"mouse10","day4",17.27214194
"157",56,"mouse10","day2",22.76122313
"158",56,"mouse10","day5",16.40945484
"159",56,"mouse10","day15",51.4008555
"160",56,"mouse10","pair2",15.17197786
"161",56,"mouse10","day6",NA
"162",56,"mouse10","pair1",6.203383736
"163",56,"mouse10","day9",12.47730978
"164",56,"mouse10","day17",31.21913117
"165",56,"mouse10","day7",NA
"166",56,"mouse10","day13",42.77766883
"167",53,"mouse11","day1",20.26495089
"168",53,"mouse11","day11",12.82554106
"169",53,"mouse11","day12",15.20446468
"170",53,"mouse11","day2",20.18266274
"171",53,"mouse11","day6",13.24049229
"172",53,"mouse11","pair1",20.58368543
"173",53,"mouse11","pair2",13.97165274
"174",53,"mouse11","day13",12.97388349
"175",53,"mouse11","day3",14.42178106
"176",53,"mouse11","day4",15.48181944
"177",53,"mouse11","day7",14.68333828
"178",53,"mouse11","day15",18.93557525
"179",53,"mouse11","pair3",28.49789207
"180",53,"mouse11","day19",11.68976432
"181",53,"mouse11","day10",11.21609224
"182",53,"mouse11","day9",9.598895693
"183",53,"mouse11","day17",11.31587379
"184",53,"mouse11","day14",25.05356015
"185",53,"mouse11","day5",20.47639844
"186",54,"mouse11","day5",14.11010658
"187",54,"mouse11","day2",11.29999327
"188",54,"mouse11","day1",9.625303167
"189",54,"mouse11","day17",14.04466309
"190",54,"mouse11","pair2",20.04458844
"191",54,"mouse11","day7",12.19509464
"192",54,"mouse11","day3",9.151175658
"193",54,"mouse11","pair3",21.95637107
"194",54,"mouse11","day6",11.56369739
"195",54,"mouse11","day13",16.04256377
"196",54,"mouse11","day9",17.91666614
"197",54,"mouse11","day4",9.429775912
"198",54,"mouse11","pair1",10.37728012
"199",54,"mouse11","day11",16.16186974
"200",54,"mouse11","day15",14.71669175
"201",54,"mouse11","day19",14.37419122
"202",55,"mouse11","day15",51.55286183
"203",55,"mouse11","pair2",19.89523259
"204",55,"mouse11","day2",19.72793152
"205",55,"mouse11","day3",12.27437978
"206",55,"mouse11","day17",41.84242566
"207",55,"mouse11","day13",25.52706284
"208",55,"mouse11","day9",16.48619765
"209",55,"mouse11","day11",15.88590319
"210",55,"mouse11","day4",11.8092948
"211",55,"mouse11","day19",65.05512535
"212",55,"mouse11","pair1",12.75480359
"213",55,"mouse11","day7",29.47703015
"214",55,"mouse11","pair3",23.1637499
"215",55,"mouse11","day1",18.20428921
"216",55,"mouse11","day5",12.88080045
"217",55,"mouse11","day6",13.69047737
"218",56,"mouse11","day5",19.67505535
"219",56,"mouse11","pair2",14.24241451
"220",56,"mouse11","day3",17.46877655
"221",56,"mouse11","day6",19.99042472
"222",56,"mouse11","day2",22.80131497
"223",56,"mouse11","day11",15.12205119
"224",56,"mouse11","pair1",2.194916874
"225",56,"mouse11","day9",14.76880313
"226",56,"mouse11","day4",15.60556442
"227",56,"mouse11","day13",38.25960035
"228",56,"mouse11","pair3",23.50132003
"229",56,"mouse11","day1",15.65527492
"230",56,"mouse11","day19",21.38406669
"231",56,"mouse11","day15",34.76882834
"232",56,"mouse11","day7",14.31302943
"233",56,"mouse11","day17",51.07813373
"234",57,"mouse11","day5",11.16736406
"235",57,"mouse11","day4",11.52673855
"236",57,"mouse11","day3",11.14544028
"237",57,"mouse11","day13",15.53557643
"238",57,"mouse11","day15",18.51510682
"239",57,"mouse11","day2",12.09043326
"240",57,"mouse11","day17",14.88481082
"241",57,"mouse11","day19",23.07726596
"242",57,"mouse11","day6",10.6577435
"243",57,"mouse11","day9",13.17122228
"244",57,"mouse11","day1",12.36061697
"245",57,"mouse11","day11",11.04822224
"246",57,"mouse11","pair3",18.07805734
"247",57,"mouse11","day7",14.20397273
"248",57,"mouse11","pair2",13.69799047
"249",57,"mouse11","pair1",8.994542651
"250",58,"mouse11","day7",9.880542428
"251",58,"mouse11","day3",8.131361518
"252",58,"mouse11","day6",9.709784654
"253",58,"mouse11","day11",11.68916069
"254",58,"mouse11","day17",11.05800556
"255",58,"mouse11","day13",11.24715177
"256",58,"mouse11","day2",9.755661239
"257",58,"mouse11","day1",8.359006983
"258",58,"mouse11","day4",7.730863864
"259",58,"mouse11","pair1",5.825478732
"260",58,"mouse11","day9",9.430263668
"261",58,"mouse11","day5",7.858383046
"262",58,"mouse11","day15",9.033815597
"263",58,"mouse11","day19",11.38299028
"264",58,"mouse11","pair2",8.980722736
"265",58,"mouse11","pair3",8.625601924
"266",53,"mouse12","day15",12.11814687
"267",53,"mouse12","day13",9.240828568
"268",53,"mouse12","day17",14.36918914
"269",53,"mouse12","day14",11.64279079
"270",53,"mouse12","day1",7.92885923
"271",53,"mouse12","day4",11.75156331
"272",53,"mouse12","pair3",13.19408898
"273",53,"mouse12","day2",12.37831958
"274",53,"mouse12","day19",14.55224617
"275",53,"mouse12","day7",12.64109664
"276",53,"mouse12","day5",10.91735405
"277",53,"mouse12","day6",13.40314861
"278",53,"mouse12","day12",10.46802299
"279",53,"mouse12","pair1",5.64815432
"280",53,"mouse12","pair2",8.229773968
"281",53,"mouse12","day9",13.29307564
"282",53,"mouse12","day3",9.603281932
"283",53,"mouse12","day11",13.34903253
"284",53,"mouse12","day10",7.531508422
"285",54,"mouse12","day9",18.99071539
"286",54,"mouse12","day7",11.30723345
"287",54,"mouse12","pair3",28.10381235
"288",54,"mouse12","pair1",15.51981368
"289",54,"mouse12","pair2",17.5006083
"290",54,"mouse12","day6",12.24580249
"291",54,"mouse12","day19",16.56753733
"292",54,"mouse12","day1",10.17399719
"293",54,"mouse12","day5",13.48120057
"294",54,"mouse12","day15",14.29100557
"295",54,"mouse12","day17",12.59539565
"296",54,"mouse12","day11",12.2660811
"297",54,"mouse12","day13",17.36120633
"298",54,"mouse12","day2",13.79550011
"299",54,"mouse12","day3",8.902169327
"300",54,"mouse12","day4",11.37248794
"301",55,"mouse12","pair1",1.976692418
"302",55,"mouse12","day5",23.85161067
"303",55,"mouse12","day6",16.50037588
"304",55,"mouse12","day19",112.2667052
"305",55,"mouse12","day3",21.08584979
"306",55,"mouse12","day4",26.95141242
"307",55,"mouse12","day15",66.92039133
"308",55,"mouse12","day17",43.93717347
"309",55,"mouse12","day2",20.90104688
"310",55,"mouse12","day13",63.26410477
"311",55,"mouse12","day1",27.04481545
"312",55,"mouse12","pair2",16.8513611
"313",55,"mouse12","day11",19.51888535
"314",55,"mouse12","pair3",22.14389705
"315",55,"mouse12","day7",26.21682946
"316",55,"mouse12","day9",20.72990708
"317",56,"mouse12","day4",19.62245779
"318",56,"mouse12","day15",43.84792913
"319",56,"mouse12","day2",22.00178362
"320",56,"mouse12","day3",20.65245978
"321",56,"mouse12","day13",52.37503746
"322",56,"mouse12","day7",15.07506853
"323",56,"mouse12","day17",33.6267019
"324",56,"mouse12","day1",21.24728692
"325",56,"mouse12","day5",16.59440036
"326",56,"mouse12","day19",21.50452796
"327",56,"mouse12","day9",12.74358524
"328",56,"mouse12","day11",18.28924511
"329",56,"mouse12","pair2",10.70505664
"330",56,"mouse12","day6",19.01875935
"331",56,"mouse12","pair1",4.485117138
"332",56,"mouse12","pair3",25.40480369
"333",57,"mouse12","pair2",20.05854897
"334",57,"mouse12","pair3",20.28684476
"335",57,"mouse12","day19",37.18463669
"336",57,"mouse12","day7",21.49471134
"337",57,"mouse12","day11",30.57237491
"338",57,"mouse12","day17",24.26991606
"339",57,"mouse12","day6",14.96578721
"340",57,"mouse12","day15",38.93713234
"341",57,"mouse12","pair1",17.07134441
"342",57,"mouse12","day1",21.2512719
"343",57,"mouse12","day13",27.85841438
"344",57,"mouse12","day3",18.75098808
"345",57,"mouse12","day9",32.17235323
"346",57,"mouse12","day5",15.76868108
"347",57,"mouse12","day2",19.11741964
"348",57,"mouse12","day4",18.83347572
"349",58,"mouse12","pair2",18.75774177
"350",58,"mouse12","day5",12.90572512
"351",58,"mouse12","day17",12.75509696
"352",58,"mouse12","day19",13.9762014
"353",58,"mouse12","pair1",9.983990962
"354",58,"mouse12","day13",11.78957242
"355",58,"mouse12","day11",19.18167676
"356",58,"mouse12","day6",11.86185134
"357",58,"mouse12","day7",16.0352311
"358",58,"mouse12","day9",14.65287015
"359",58,"mouse12","pair3",14.24953702
"360",58,"mouse12","day15",12.89392971
"361",58,"mouse12","day2",13.18371349
"362",58,"mouse12","day3",11.7196351
"363",58,"mouse12","day4",12.156392
"364",58,"mouse12","day1",11.66306868
"365",53,"mouse2","day4",13.45023969
"366",53,"mouse2","day6",15.34957494
"367",53,"mouse2","day11",14.36024216
"368",53,"mouse2","day10",12.72678027
"369",53,"mouse2","day13",11.0539281
"370",53,"mouse2","day14",8.132157656
"371",53,"mouse2","day5",17.4749521
"372",53,"mouse2","day12",10.53400242
"373",53,"mouse2","day17",17.89512852
"374",53,"mouse2","day19",11.4963264
"375",53,"mouse2","day7",17.06154944
"376",53,"mouse2","day9",16.6823552
"377",53,"mouse2","pair1",5.951400828
"378",53,"mouse2","day1",15.59184715
"379",53,"mouse2","day2",18.57889888
"380",53,"mouse2","day15",8.525765857
"381",53,"mouse2","day3",10.95589607
"382",53,"mouse2","pair2",17.09870471
"383",53,"mouse2","pair3",15.01804035
"384",54,"mouse2","pair3",NA
"385",54,"mouse2","pair2",NA
"386",54,"mouse2","day13",14.42177605
"387",54,"mouse2","day1",10.53739654
"388",54,"mouse2","day4",10.54284501
"389",54,"mouse2","pair1",NA
"390",54,"mouse2","day5",7.281348779
"391",54,"mouse2","day15",11.02331554
"392",54,"mouse2","day17",8.244649468
"393",54,"mouse2","day3",8.641350723
"394",54,"mouse2","day11",11.15142803
"395",54,"mouse2","day6",10.83865248
"396",54,"mouse2","day7",8.284789255
"397",54,"mouse2","day9",11.65069462
"398",54,"mouse2","day2",6.851660228
"399",54,"mouse2","day19",14.10032511
"400",55,"mouse2","pair1",11.9451959
"401",55,"mouse2","pair3",17.4057308
"402",55,"mouse2","day4",9.740423719
"403",55,"mouse2","day9",12.20581722
"404",55,"mouse2","pair2",8.088262534
"405",55,"mouse2","day6",13.576284
"406",55,"mouse2","day7",11.16070338
"407",55,"mouse2","day17",29.22486822
"408",55,"mouse2","day11",10.14610317
"409",55,"mouse2","day13",18.56515568
"410",55,"mouse2","day15",26.69973018
"411",55,"mouse2","day2",12.76931917
"412",55,"mouse2","day3",12.41023877
"413",55,"mouse2","day1",12.47079665
"414",55,"mouse2","day5",9.77037559
"415",55,"mouse2","day19",78.40640907
"416",56,"mouse2","day4",13.70291618
"417",56,"mouse2","day5",15.40621634
"418",56,"mouse2","day3",16.37193471
"419",56,"mouse2","day1",21.4602235
"420",56,"mouse2","day11",18.89306385
"421",56,"mouse2","day6",14.089055
"422",56,"mouse2","day7",23.00283647
"423",56,"mouse2","pair1",4.034369349
"424",56,"mouse2","day13",31.85576942
"425",56,"mouse2","pair3",16.14180983
"426",56,"mouse2","day9",15.57918399
"427",56,"mouse2","day2",14.78233787
"428",56,"mouse2","pair2",10.65823418
"429",56,"mouse2","day19",32.4291379
"430",56,"mouse2","day15",56.32464836
"431",56,"mouse2","day17",37.86301163
"432",57,"mouse2","day1",13.0803398
"433",57,"mouse2","pair3",19.5413656
"434",57,"mouse2","day19",17.32237366
"435",57,"mouse2","day4",13.59948218
"436",57,"mouse2","day5",12.02169792
"437",57,"mouse2","day2",12.50431051
"438",57,"mouse2","day7",11.62862738
"439",57,"mouse2","pair2",22.44873462
"440",57,"mouse2","day15",12.52588842
"441",57,"mouse2","day6",13.87952083
"442",57,"mouse2","day17",15.19411333
"443",57,"mouse2","pair1",15.80193289
"444",57,"mouse2","day13",16.60752565
"445",57,"mouse2","day9",10.39939885
"446",57,"mouse2","day3",10.12874197
"447",57,"mouse2","day11",10.89444326
"448",58,"mouse2","pair3",23.44944349
"449",58,"mouse2","day19",33.1252118
"450",58,"mouse2","day17",29.79737925
"451",58,"mouse2","day5",15.19822237
"452",58,"mouse2","pair2",16.94256821
"453",58,"mouse2","day2",37.78602172
"454",58,"mouse2","day3",20.0757807
"455",58,"mouse2","day4",15.44451889
"456",58,"mouse2","day1",32.05147246
"457",58,"mouse2","pair1",14.50739381
"458",58,"mouse2","day15",20.8195399
"459",58,"mouse2","day11",20.55529983
"460",58,"mouse2","day13",25.4606471
"461",58,"mouse2","day9",15.18130713
"462",58,"mouse2","day6",11.7582798
"463",58,"mouse2","day7",16.52840434
"464",53,"mouse3","day6",12.47110391
"465",53,"mouse3","pair3",22.38256842
"466",53,"mouse3","pair1",4.949180981
"467",53,"mouse3","day3",9.441576863
"468",53,"mouse3","day4",11.48104126
"469",53,"mouse3","day1",13.57016069
"470",53,"mouse3","day2",12.4130528
"471",53,"mouse3","day10",8.234783441
"472",53,"mouse3","pair2",12.36754533
"473",53,"mouse3","day5",9.013195539
"474",53,"mouse3","day13",NA
"475",53,"mouse3","day14",9.757812946
"476",53,"mouse3","day15",10.7933919
"477",53,"mouse3","day12",13.79590922
"478",53,"mouse3","day19",13.71426718
"479",53,"mouse3","day9",NA
"480",53,"mouse3","day17",19.09278968
"481",53,"mouse3","day7",9.02714073
"482",53,"mouse3","day11",NA
"483",54,"mouse3","day17",13.136439
"484",54,"mouse3","day15",16.71192326
"485",54,"mouse3","day5",7.793895005
"486",54,"mouse3","day7",11.80196978
"487",54,"mouse3","pair1",11.75504249
"488",54,"mouse3","day3",11.24817936
"489",54,"mouse3","day9",11.4287163
"490",54,"mouse3","day11",14.16120995
"491",54,"mouse3","day13",20.0484121
"492",54,"mouse3","day1",11.21068809
"493",54,"mouse3","pair2",8.804561547
"494",54,"mouse3","pair3",16.26581482
"495",54,"mouse3","day4",11.23916618
"496",54,"mouse3","day6",13.57376111
"497",54,"mouse3","day2",7.985946632
"498",54,"mouse3","day19",15.66117086
"499",55,"mouse3","day4",40.46252536
"500",55,"mouse3","day5",65.66453087
"501",55,"mouse3","day3",50.83370634
"502",55,"mouse3","pair1",11.82054988
"503",55,"mouse3","day7",80.78459798
"504",55,"mouse3","day9",50.30752498
"505",55,"mouse3","day11",55.30211566
"506",55,"mouse3","day6",134.7531256
"507",55,"mouse3","pair2",11.44312118
"508",55,"mouse3","day13",100.7993262
"509",55,"mouse3","day15",64.44334845
"510",55,"mouse3","day1",30.23295583
"511",55,"mouse3","day2",32.05661524
"512",55,"mouse3","day17",137.2964235
"513",55,"mouse3","day19",143.5307495
"514",55,"mouse3","pair3",29.81026372
"515",56,"mouse3","day3",19.00651117
"516",56,"mouse3","day9",30.03500126
"517",56,"mouse3","day2",23.18564336
"518",56,"mouse3","pair2",15.18086099
"519",56,"mouse3","pair3",34.95449944
"520",56,"mouse3","pair1",5.491931941
"521",56,"mouse3","day6",23.75380525
"522",56,"mouse3","day7",31.92429546
"523",56,"mouse3","day4",23.60604359
"524",56,"mouse3","day5",23.36759871
"525",56,"mouse3","day15",52.00054256
"526",56,"mouse3","day17",58.60464515
"527",56,"mouse3","day19",96.84744357
"528",56,"mouse3","day13",77.39476129
"529",56,"mouse3","day11",35.09321278
"530",56,"mouse3","day1",28.87117224
"531",57,"mouse3","day2",16.08370868
"532",57,"mouse3","day5",14.94992921
"533",57,"mouse3","day6",14.93727301
"534",57,"mouse3","day3",14.63330151
"535",57,"mouse3","day4",13.63194977
"536",57,"mouse3","day11",16.31702951
"537",57,"mouse3","pair1",18.58763971
"538",57,"mouse3","pair2",21.14819575
"539",57,"mouse3","pair3",22.8656979
"540",57,"mouse3","day1",18.49958397
"541",57,"mouse3","day19",26.48264541
"542",57,"mouse3","day7",17.57952396
"543",57,"mouse3","day15",19.10494868
"544",57,"mouse3","day9",18.852251
"545",57,"mouse3","day13",22.77868642
"546",57,"mouse3","day17",22.74217312
"547",58,"mouse3","pair1",10.66195059
"548",58,"mouse3","day2",14.68385451
"549",58,"mouse3","day1",19.80331611
"550",58,"mouse3","day13",13.94199379
"551",58,"mouse3","pair2",11.65311546
"552",58,"mouse3","pair3",14.65162332
"553",58,"mouse3","day19",13.45110899
"554",58,"mouse3","day4",10.90656322
"555",58,"mouse3","day15",15.55845369
"556",58,"mouse3","day17",13.52006211
"557",58,"mouse3","day3",12.48361519
"558",58,"mouse3","day6",8.769358603
"559",58,"mouse3","day7",10.8254988
"560",58,"mouse3","day9",10.98115867
"561",58,"mouse3","day5",10.83003709
"562",58,"mouse3","day11",11.63749227
"563",53,"mouse4","day6",20.08576315
"564",53,"mouse4","day15",19.88300165
"565",53,"mouse4","day17",18.33350071
"566",53,"mouse4","day14",16.70890665
"567",53,"mouse4","day3",11.5565778
"568",53,"mouse4","day7",16.12252059
"569",53,"mouse4","pair1",8.140060138
"570",53,"mouse4","day13",17.40125484
"571",53,"mouse4","day5",15.36969713
"572",53,"mouse4","day2",11.88377687
"573",53,"mouse4","pair2",23.75017994
"574",53,"mouse4","day19",15.17180964
"575",53,"mouse4","day10",17.85467918
"576",53,"mouse4","day11",18.43544602
"577",53,"mouse4","day4",15.05700112
"578",53,"mouse4","day9",15.58385845
"579",53,"mouse4","pair3",19.6099149
"580",53,"mouse4","day1",17.66096637
"581",53,"mouse4","day12",16.91546074
"582",54,"mouse4","day3",7.482203969
"583",54,"mouse4","day6",9.161449757
"584",54,"mouse4","day7",7.445857817
"585",54,"mouse4","pair1",NA
"586",54,"mouse4","day9",10.42285807
"587",54,"mouse4","day5",7.981029034
"588",54,"mouse4","pair3",NA
"589",54,"mouse4","day1",9.623278306
"590",54,"mouse4","day15",13.43219234
"591",54,"mouse4","pair2",NA
"592",54,"mouse4","day11",NA
"593",54,"mouse4","day2",6.720606769
"594",54,"mouse4","day4",8.498659694
"595",54,"mouse4","day13",NA
"596",54,"mouse4","day19",17.35688571
"597",54,"mouse4","day17",10.63135238
"598",55,"mouse4","day5",9.943143835
"599",55,"mouse4","day4",12.22419025
"600",55,"mouse4","day6",13.78099537
"601",55,"mouse4","day9",13.14296513
"602",55,"mouse4","day1",17.45861117
"603",55,"mouse4","day7",10.94295507
"604",55,"mouse4","pair3",18.95682589
"605",55,"mouse4","pair2",6.680940247
"606",55,"mouse4","day11",13.50965503
"607",55,"mouse4","pair1",15.38656283
"608",55,"mouse4","day15",40.56608131
"609",55,"mouse4","day17",33.73515456
"610",55,"mouse4","day13",34.82750136
"611",55,"mouse4","day3",11.33035623
"612",55,"mouse4","day2",16.48839367
"613",55,"mouse4","day19",59.66124459
"614",56,"mouse4","day2",15.99143325
"615",56,"mouse4","pair1",8.521184074
"616",56,"mouse4","day3",14.19532123
"617",56,"mouse4","day4",13.07223808
"618",56,"mouse4","pair2",14.58943526
"619",56,"mouse4","pair3",21.65668685
"620",56,"mouse4","day1",27.03267405
"621",56,"mouse4","day7",16.95314008
"622",56,"mouse4","day9",14.89095827
"623",56,"mouse4","day5",15.89923779
"624",56,"mouse4","day6",11.68880258
"625",56,"mouse4","day19",27.78375675
"626",56,"mouse4","day13",40.65608369
"627",56,"mouse4","day15",49.75907157
"628",56,"mouse4","day11",15.76445713
"629",56,"mouse4","day17",33.74452826
"630",57,"mouse4","pair2",23.20719395
"631",57,"mouse4","pair3",33.14068391
"632",57,"mouse4","pair1",19.23507625
"633",57,"mouse4","day11",15.10672544
"634",57,"mouse4","day3",16.88644087
"635",57,"mouse4","day13",19.94807708
"636",57,"mouse4","day1",19.59189318
"637",57,"mouse4","day2",19.19309436
"638",57,"mouse4","day9",15.73080218
"639",57,"mouse4","day5",14.65814226
"640",57,"mouse4","day15",16.44789106
"641",57,"mouse4","day17",17.98790096
"642",57,"mouse4","day19",16.01890512
"643",57,"mouse4","day6",16.49920565
"644",57,"mouse4","day4",14.50111587
"645",57,"mouse4","day7",23.55613956
"646",58,"mouse4","day13",40.25484121
"647",58,"mouse4","pair1",11.60370279
"648",58,"mouse4","day19",43.89259614
"649",58,"mouse4","day9",23.98359959
"650",58,"mouse4","pair2",13.28115753
"651",58,"mouse4","pair3",20.52879606
"652",58,"mouse4","day1",19.24750831
"653",58,"mouse4","day15",55.50653141
"654",58,"mouse4","day17",35.3641958
"655",58,"mouse4","day6",22.68993021
"656",58,"mouse4","day7",32.21166155
"657",58,"mouse4","day5",27.76580479
"658",58,"mouse4","day2",20.77819972
"659",58,"mouse4","day11",27.54104464
"660",58,"mouse4","day4",28.82717538
"661",58,"mouse4","day3",34.39344554
"662",53,"mouse5","day9",14.28338151
"663",53,"mouse5","day10",12.8502625
"664",53,"mouse5","day6",12.27980939
"665",53,"mouse5","day3",9.814942157
"666",53,"mouse5","day4",12.16598609
"667",53,"mouse5","day7",12.81741207
"668",53,"mouse5","pair1",12.69043855
"669",53,"mouse5","pair2",9.09343237
"670",53,"mouse5","day17",14.28810981
"671",53,"mouse5","day19",17.72825444
"672",53,"mouse5","day5",12.26412786
"673",53,"mouse5","day1",17.66671738
"674",53,"mouse5","day11",14.41473957
"675",53,"mouse5","day12",11.86222522
"676",53,"mouse5","day13",13.28688207
"677",53,"mouse5","day2",16.67110892
"678",53,"mouse5","day15",14.60903424
"679",53,"mouse5","pair3",17.37155296
"680",53,"mouse5","day14",13.11451269
"681",54,"mouse5","day2",8.61159962
"682",54,"mouse5","day3",7.438809879
"683",54,"mouse5","day1",10.34260479
"684",54,"mouse5","day17",6.84055485
"685",54,"mouse5","day5",8.914253403
"686",54,"mouse5","pair2",NA
"687",54,"mouse5","day4",11.51641297
"688",54,"mouse5","day7",7.544366871
"689",54,"mouse5","pair3",NA
"690",54,"mouse5","day6",11.92130447
"691",54,"mouse5","day19",24.44904073
"692",54,"mouse5","day9",12.7249497
"693",54,"mouse5","day11",11.99151083
"694",54,"mouse5","day13",21.27491238
"695",54,"mouse5","pair1",NA
"696",54,"mouse5","day15",12.57793533
"697",55,"mouse5","day4",15.78105308
"698",55,"mouse5","day3",16.68545548
"699",55,"mouse5","day2",18.74013435
"700",55,"mouse5","day19",44.96452416
"701",55,"mouse5","day5",15.27796032
"702",55,"mouse5","day6",16.1243117
"703",55,"mouse5","day1",16.12200835
"704",55,"mouse5","day17",40.0032327
"705",55,"mouse5","pair1",9.673293836
"706",55,"mouse5","day7",15.41538668
"707",55,"mouse5","day13",38.2168104
"708",55,"mouse5","day9",11.53352441
"709",55,"mouse5","pair3",20.3741585
"710",55,"mouse5","day11",12.7352175
"711",55,"mouse5","day15",52.6257395
"712",55,"mouse5","pair2",17.40717917
"713",56,"mouse5","day4",13.69814946
"714",56,"mouse5","day19",18.16862756
"715",56,"mouse5","day3",15.63188693
"716",56,"mouse5","pair3",17.37939228
"717",56,"mouse5","day6",14.81326571
"718",56,"mouse5","day1",24.3004195
"719",56,"mouse5","day2",20.04380834
"720",56,"mouse5","pair2",14.15080926
"721",56,"mouse5","day17",28.69116946
"722",56,"mouse5","day15",38.67936295
"723",56,"mouse5","day7",13.47530776
"724",56,"mouse5","day5",13.73689913
"725",56,"mouse5","pair1",3.573108493
"726",56,"mouse5","day11",11.87368654
"727",56,"mouse5","day13",39.66490032
"728",56,"mouse5","day9",17.03641086
"729",57,"mouse5","pair1",14.80807253
"730",57,"mouse5","day19",19.2906512
"731",57,"mouse5","day1",28.83790329
"732",57,"mouse5","day15",18.92400721
"733",57,"mouse5","pair3",32.99827904
"734",57,"mouse5","day11",12.86137177
"735",57,"mouse5","day13",19.89963305
"736",57,"mouse5","day17",15.23045885
"737",57,"mouse5","pair2",26.63521239
"738",57,"mouse5","day4",14.53616931
"739",57,"mouse5","day2",22.38120462
"740",57,"mouse5","day3",14.76040395
"741",57,"mouse5","day7",14.59569348
"742",57,"mouse5","day9",11.9702668
"743",57,"mouse5","day6",15.50524726
"744",57,"mouse5","day5",15.06431983
"745",58,"mouse5","pair2",19.83597021
"746",58,"mouse5","day5",16.94008559
"747",58,"mouse5","day13",24.21391624
"748",58,"mouse5","day17",18.03680543
"749",58,"mouse5","day6",14.5400711
"750",58,"mouse5","pair1",17.48920107
"751",58,"mouse5","day2",16.48708924
"752",58,"mouse5","day19",15.95760761
"753",58,"mouse5","day7",21.48623888
"754",58,"mouse5","day15",17.05576207
"755",58,"mouse5","day4",14.38478346
"756",58,"mouse5","day11",21.79317368
"757",58,"mouse5","pair3",17.86395072
"758",58,"mouse5","day1",17.81320285
"759",58,"mouse5","day9",16.30450693
"760",58,"mouse5","day3",17.46012115
"761",53,"mouse6","pair2",21.17046389
"762",53,"mouse6","pair3",37.99342764
"763",53,"mouse6","day1",21.06301676
"764",53,"mouse6","day5",15.74227331
"765",53,"mouse6","day19",21.0504508
"766",53,"mouse6","day3",15.10823336
"767",53,"mouse6","day4",15.33186811
"768",53,"mouse6","day12",11.81999142
"769",53,"mouse6","pair1",6.715082775
"770",53,"mouse6","day13",10.03929137
"771",53,"mouse6","day14",15.97148818
"772",53,"mouse6","day15",15.28914189
"773",53,"mouse6","day17",22.34997109
"774",53,"mouse6","day2",19.9307808
"775",53,"mouse6","day7",15.87248486
"776",53,"mouse6","day11",26.71486276
"777",53,"mouse6","day10",15.02885359
"778",53,"mouse6","day6",12.0773798
"779",53,"mouse6","day9",12.49035272
"780",54,"mouse6","day5",11.56534856
"781",54,"mouse6","day6",12.51422965
"782",54,"mouse6","pair2",18.00835208
"783",54,"mouse6","day15",14.62414109
"784",54,"mouse6","pair3",16.93117621
"785",54,"mouse6","day7",10.49373562
"786",54,"mouse6","day2",8.97549367
"787",54,"mouse6","day3",9.185693829
"788",54,"mouse6","day4",13.23319771
"789",54,"mouse6","day1",12.02246541
"790",54,"mouse6","pair1",6.399376915
"791",54,"mouse6","day9",12.95411596
"792",54,"mouse6","day11",11.67459022
"793",54,"mouse6","day17",9.375554226
"794",54,"mouse6","day19",19.5026212
"795",54,"mouse6","day13",14.95435548
"796",55,"mouse6","pair1",3.806588343
"797",55,"mouse6","day3",16.66365203
"798",55,"mouse6","day4",13.31971345
"799",55,"mouse6","day1",19.90646808
"800",55,"mouse6","day19",37.95389445
"801",55,"mouse6","day2",23.00613053
"802",55,"mouse6","day7",24.03868553
"803",55,"mouse6","day9",16.87949783
"804",55,"mouse6","day5",13.952628
"805",55,"mouse6","day6",16.12274207
"806",55,"mouse6","pair2",19.80090545
"807",55,"mouse6","pair3",19.09792226
"808",55,"mouse6","day13",51.85153866
"809",55,"mouse6","day15",35.19532906
"810",55,"mouse6","day17",36.19163094
"811",55,"mouse6","day11",18.25274669
"812",56,"mouse6","day2",19.15275815
"813",56,"mouse6","day3",20.62396902
"814",56,"mouse6","pair2",13.70683266
"815",56,"mouse6","day5",26.96098247
"816",56,"mouse6","pair3",18.69942937
"817",56,"mouse6","pair1",6.380396384
"818",56,"mouse6","day4",25.79476915
"819",56,"mouse6","day11",25.73839498
"820",56,"mouse6","day6",38.67127714
"821",56,"mouse6","day1",13.97465213
"822",56,"mouse6","day9",34.77372957
"823",56,"mouse6","day13",42.33487403
"824",56,"mouse6","day15",93.43117884
"825",56,"mouse6","day17",48.06203023
"826",56,"mouse6","day19",59.35159876
"827",56,"mouse6","day7",32.83503625
"828",57,"mouse6","day13",20.53411101
"829",57,"mouse6","day11",15.57391361
"830",57,"mouse6","day1",17.11168831
"831",57,"mouse6","pair3",23.89562381
"832",57,"mouse6","day4",22.72339807
"833",57,"mouse6","day2",18.03004574
"834",57,"mouse6","pair2",18.08914672
"835",57,"mouse6","day3",17.05383173
"836",57,"mouse6","day17",13.1222584
"837",57,"mouse6","day5",14.65872479
"838",57,"mouse6","day7",12.68998843
"839",57,"mouse6","day9",13.40192147
"840",57,"mouse6","pair1",17.58102674
"841",57,"mouse6","day15",19.81354411
"842",57,"mouse6","day19",23.5680479
"843",57,"mouse6","day6",11.56202841
"844",58,"mouse6","day7",21.24258663
"845",58,"mouse6","pair1",15.21029091
"846",58,"mouse6","day6",14.92687259
"847",58,"mouse6","day2",17.01157491
"848",58,"mouse6","pair2",20.45865544
"849",58,"mouse6","day1",14.89137237
"850",58,"mouse6","day15",20.44144177
"851",58,"mouse6","day3",17.013224
"852",58,"mouse6","day5",14.27159808
"853",58,"mouse6","pair3",17.15300729
"854",58,"mouse6","day17",21.87347362
"855",58,"mouse6","day19",23.40925582
"856",58,"mouse6","day13",22.67365136
"857",58,"mouse6","day9",18.33915427
"858",58,"mouse6","day11",16.17453318
"859",58,"mouse6","day4",14.67414268
"860",53,"mouse7","pair1",11.48045177
"861",53,"mouse7","day10",NA
"862",53,"mouse7","day11",NA
"863",53,"mouse7","day12",NA
"864",53,"mouse7","day3",11.80470727
"865",53,"mouse7","day9",NA
"866",53,"mouse7","day4",25.49763514
"867",53,"mouse7","day5",34.9958744
"868",53,"mouse7","day2",13.03865416
"869",53,"mouse7","pair2",24.34185334
"870",53,"mouse7","day7",31.97368805
"871",53,"mouse7","day19",NA
"872",53,"mouse7","day1",13.52192976
"873",53,"mouse7","day15",NA
"874",53,"mouse7","pair3",21.31397314
"875",53,"mouse7","day17",NA
"876",53,"mouse7","day6",34.39128247
"877",53,"mouse7","day14",NA
"878",53,"mouse7","day13",NA
"879",54,"mouse7","pair1",11.21860181
"880",54,"mouse7","day5",19.65003797
"881",54,"mouse7","pair2",18.27423264
"882",54,"mouse7","pair3",18.99053022
"883",54,"mouse7","day1",14.75496008
"884",54,"mouse7","day15",23.42202633
"885",54,"mouse7","day9",25.10519399
"886",54,"mouse7","day4",25.08249553
"887",54,"mouse7","day13",30.6381347
"888",54,"mouse7","day17",23.96968567
"889",54,"mouse7","day19",30.79510182
"890",54,"mouse7","day11",25.28565541
"891",54,"mouse7","day2",14.30303034
"892",54,"mouse7","day7",20.91076711
"893",54,"mouse7","day3",14.76904287
"894",54,"mouse7","day6",19.24331138
"895",55,"mouse7","day4",23.59173099
"896",55,"mouse7","day15",63.66247073
"897",55,"mouse7","pair1",7.13347338
"898",55,"mouse7","pair2",12.57864713
"899",55,"mouse7","day3",23.38203957
"900",55,"mouse7","day7",17.55017805
"901",55,"mouse7","day9",14.04770625
"902",55,"mouse7","pair3",23.81954033
"903",55,"mouse7","day6",21.70454925
"904",55,"mouse7","day17",43.4366468
"905",55,"mouse7","day11",14.67064011
"906",55,"mouse7","day13",54.95869347
"907",55,"mouse7","day1",25.44128736
"908",55,"mouse7","day2",20.08088964
"909",55,"mouse7","day5",24.52626252
"910",55,"mouse7","day19",51.07739853
"911",56,"mouse7","day4",15.66807234
"912",56,"mouse7","day15",66.01842523
"913",56,"mouse7","day5",22.41028062
"914",56,"mouse7","day2",20.94703528
"915",56,"mouse7","day3",18.9665749
"916",56,"mouse7","day1",18.77599327
"917",56,"mouse7","day13",33.87638469
"918",56,"mouse7","day7",22.13521349
"919",56,"mouse7","day9",NA
"920",56,"mouse7","pair1",5.783168853
"921",56,"mouse7","pair2",12.88406867
"922",56,"mouse7","day17",30.73672736
"923",56,"mouse7","day11",16.6846434
"924",56,"mouse7","day6",NA
"925",56,"mouse7","day19",54.76231549
"926",56,"mouse7","pair3",19.5038002
"927",57,"mouse7","day19",16.99158069
"928",57,"mouse7","pair2",15.9415478
"929",57,"mouse7","day5",13.48984257
"930",57,"mouse7","pair3",13.10803366
"931",57,"mouse7","day1",11.21343242
"932",57,"mouse7","day2",13.995501
"933",57,"mouse7","pair1",12.14911356
"934",57,"mouse7","day4",13.72972563
"935",57,"mouse7","day11",10.92617056
"936",57,"mouse7","day6",15.34565389
"937",57,"mouse7","day3",12.4168289
"938",57,"mouse7","day9",10.74931156
"939",57,"mouse7","day13",13.9664362
"940",57,"mouse7","day17",13.64636972
"941",57,"mouse7","day7",13.13729834
"942",57,"mouse7","day15",14.43144256
"943",58,"mouse7","day5",12.00354533
"944",58,"mouse7","day4",18.3402851
"945",58,"mouse7","day1",29.00345834
"946",58,"mouse7","day2",21.20287593
"947",58,"mouse7","day13",17.60416762
"948",58,"mouse7","day15",18.22856303
"949",58,"mouse7","day6",17.26975117
"950",58,"mouse7","pair3",27.45423576
"951",58,"mouse7","pair1",10.41430904
"952",58,"mouse7","day7",15.47303372
"953",58,"mouse7","day17",15.6706979
"954",58,"mouse7","day3",22.13283054
"955",58,"mouse7","pair2",17.91809811
"956",58,"mouse7","day19",18.64777303
"957",58,"mouse7","day9",14.76682499
"958",58,"mouse7","day11",17.81656461
"959",53,"mouse8","day14",11.7718978
"960",53,"mouse8","day4",10.83218595
"961",53,"mouse8","pair2",8.213414763
"962",53,"mouse8","pair3",16.37543543
"963",53,"mouse8","day15",12.82409329
"964",53,"mouse8","pair1",0.799803396
"965",53,"mouse8","day19",9.790847
"966",53,"mouse8","day3",9.320625044
"967",53,"mouse8","day5",16.21841289
"968",53,"mouse8","day17",9.705446835
"969",53,"mouse8","day12",7.601516079
"970",53,"mouse8","day7",15.47726736
"971",53,"mouse8","day9",13.8021015
"972",53,"mouse8","day1",13.11119254
"973",53,"mouse8","day2",10.29509083
"974",53,"mouse8","day11",11.1962981
"975",53,"mouse8","day10",10.75282418
"976",53,"mouse8","day6",11.09129471
"977",53,"mouse8","day13",11.32715699
"978",54,"mouse8","day7",12.63211585
"979",54,"mouse8","day15",13.98918879
"980",54,"mouse8","pair1",2.190479805
"981",54,"mouse8","day17",11.86114361
"982",54,"mouse8","day6",13.07887785
"983",54,"mouse8","day4",14.10021198
"984",54,"mouse8","day13",17.90453446
"985",54,"mouse8","day1",14.30162504
"986",54,"mouse8","day5",14.2747224
"987",54,"mouse8","day11",13.76605563
"988",54,"mouse8","pair3",22.20708999
"989",54,"mouse8","day9",NA
"990",54,"mouse8","day19",16.76821265
"991",54,"mouse8","pair2",21.29545145
"992",54,"mouse8","day3",13.1378118
"993",54,"mouse8","day2",12.68004498
"994",55,"mouse8","day3",16.8867113
"995",55,"mouse8","day7",16.42351918
"996",55,"mouse8","pair1",7.400944599
"997",55,"mouse8","day2",22.74475068
"998",55,"mouse8","day6",22.46575973
"999",55,"mouse8","day13",53.65882451
"1000",55,"mouse8","day1",20.39540854
"1001",55,"mouse8","pair3",19.25957247
"1002",55,"mouse8","day11",19.5913261
"1003",55,"mouse8","day4",22.90702362
"1004",55,"mouse8","day5",21.2246617
"1005",55,"mouse8","day19",64.01728863
"1006",55,"mouse8","day9",15.68043633
"1007",55,"mouse8","day17",34.59735173
"1008",55,"mouse8","pair2",10.40368523
"1009",55,"mouse8","day15",50.73662714
"1010",56,"mouse8","day5",20.47134854
"1011",56,"mouse8","day11",18.63621677
"1012",56,"mouse8","pair1",10.05483005
"1013",56,"mouse8","day4",18.12729377
"1014",56,"mouse8","day1",21.33870127
"1015",56,"mouse8","day19",23.29092614
"1016",56,"mouse8","day6",29.21348076
"1017",56,"mouse8","day7",19.0643643
"1018",56,"mouse8","day9",18.37791632
"1019",56,"mouse8","pair3",30.42141085
"1020",56,"mouse8","day13",24.42532659
"1021",56,"mouse8","day2",19.14454105
"1022",56,"mouse8","day3",21.06860813
"1023",56,"mouse8","day17",45.44519093
"1024",56,"mouse8","day15",67.59959051
"1025",56,"mouse8","pair2",25.21804633
"1026",57,"mouse8","day5",14.59975487
"1027",57,"mouse8","pair3",12.16349524
"1028",57,"mouse8","day15",18.33785778
"1029",57,"mouse8","day17",22.33692097
"1030",57,"mouse8","day19",14.70244355
"1031",57,"mouse8","day4",13.25420335
"1032",57,"mouse8","day3",10.79223586
"1033",57,"mouse8","day13",20.47815968
"1034",57,"mouse8","day11",18.27499374
"1035",57,"mouse8","day2",12.69048964
"1036",57,"mouse8","pair2",15.02758418
"1037",57,"mouse8","day9",15.52832467
"1038",57,"mouse8","day7",14.50143306
"1039",57,"mouse8","day6",14.31575889
"1040",57,"mouse8","day1",11.18974038
"1041",57,"mouse8","pair1",11.99670299
"1042",58,"mouse8","day4",17.12648442
"1043",58,"mouse8","day3",22.56663798
"1044",58,"mouse8","pair1",14.37468658
"1045",58,"mouse8","day2",29.89369319
"1046",58,"mouse8","day13",21.68137656
"1047",58,"mouse8","day15",36.75053448
"1048",58,"mouse8","day1",43.97006477
"1049",58,"mouse8","pair3",29.13192548
"1050",58,"mouse8","day19",31.06400593
"1051",58,"mouse8","day7",22.90404247
"1052",58,"mouse8","pair2",25.16855004
"1053",58,"mouse8","day5",18.12130782
"1054",58,"mouse8","day11",16.42572302
"1055",58,"mouse8","day9",19.65673701
"1056",58,"mouse8","day6",19.98359518
"1057",58,"mouse8","day17",25.84657733
"1058",53,"mouse9","pair2",29.25488796
"1059",53,"mouse9","pair1",4.310201348
"1060",53,"mouse9","day11",20.23381661
"1061",53,"mouse9","day12",14.06131789
"1062",53,"mouse9","day10",9.573265993
"1063",53,"mouse9","day1",18.90845042
"1064",53,"mouse9","day2",11.15709384
"1065",53,"mouse9","day4",12.20331064
"1066",53,"mouse9","pair3",25.85093544
"1067",53,"mouse9","day9",11.85102684
"1068",53,"mouse9","day15",12.24678711
"1069",53,"mouse9","day17",16.16120692
"1070",53,"mouse9","day19",12.45664834
"1071",53,"mouse9","day14",14.08065354
"1072",53,"mouse9","day5",10.62576238
"1073",53,"mouse9","day13",14.35798916
"1074",53,"mouse9","day7",19.76550219
"1075",53,"mouse9","day3",10.98064922
"1076",53,"mouse9","day6",11.91985298
"1077",54,"mouse9","day7",11.73585091
"1078",54,"mouse9","day2",12.09183326
"1079",54,"mouse9","day9",24.93584571
"1080",54,"mouse9","day5",11.57985743
"1081",54,"mouse9","day6",10.51958202
"1082",54,"mouse9","pair2",13.054449
"1083",54,"mouse9","day1",10.12212286
"1084",54,"mouse9","day13",13.48474415
"1085",54,"mouse9","pair1",5.889668035
"1086",54,"mouse9","day15",11.01070026
"1087",54,"mouse9","day11",12.73791293
"1088",54,"mouse9","day4",9.244846721
"1089",54,"mouse9","pair3",12.18597248
"1090",54,"mouse9","day19",11.19453977
"1091",54,"mouse9","day17",16.87013485
"1092",54,"mouse9","day3",9.724494489
"1093",55,"mouse9","day1",20.54825078
"1094",55,"mouse9","day6",19.17039197
"1095",55,"mouse9","day4",18.94864323
"1096",55,"mouse9","day2",20.03288119
"1097",55,"mouse9","day9",26.33164948
"1098",55,"mouse9","day5",20.31339266
"1099",55,"mouse9","day19",129.8462825
"1100",55,"mouse9","pair3",23.99354469
"1101",55,"mouse9","pair1",3.990693009
"1102",55,"mouse9","pair2",15.3642809
"1103",55,"mouse9","day17",48.26717621
"1104",55,"mouse9","day7",23.04950918
"1105",55,"mouse9","day3",19.99083617
"1106",55,"mouse9","day15",76.63865502
"1107",55,"mouse9","day11",26.14099961
"1108",55,"mouse9","day13",50.35521068
"1109",56,"mouse9","day4",15.46083746
"1110",56,"mouse9","day2",34.48737805
"1111",56,"mouse9","day3",28.1585802
"1112",56,"mouse9","day1",19.27726998
"1113",56,"mouse9","day19",17.83983425
"1114",56,"mouse9","day5",21.47896389
"1115",56,"mouse9","day6",24.50031758
"1116",56,"mouse9","day17",30.04495563
"1117",56,"mouse9","day7",18.18596534
"1118",56,"mouse9","pair1",9.955411258
"1119",56,"mouse9","pair2",15.69770391
"1120",56,"mouse9","pair3",21.2915022
"1121",56,"mouse9","day15",44.78015468
"1122",56,"mouse9","day9",15.79557391
"1123",56,"mouse9","day11",16.75218828
"1124",56,"mouse9","day13",47.10856322
"1125",57,"mouse9","day19",14.90714334
"1126",57,"mouse9","pair2",20.07798796
"1127",57,"mouse9","pair3",33.94994995
"1128",57,"mouse9","day1",20.090951
"1129",57,"mouse9","pair1",14.34693559
"1130",57,"mouse9","day7",11.25210664
"1131",57,"mouse9","day9",15.90155959
"1132",57,"mouse9","day11",9.890969778
"1133",57,"mouse9","day13",14.30672703
"1134",57,"mouse9","day15",17.5467699
"1135",57,"mouse9","day17",13.11800907
"1136",57,"mouse9","day4",8.538389983
"1137",57,"mouse9","day5",9.108450817
"1138",57,"mouse9","day2",14.21424271
"1139",57,"mouse9","day3",10.38635369
"1140",57,"mouse9","day6",10.20032411
"1141",58,"mouse9","day17",18.19088804
"1142",58,"mouse9","day19",15.47404375
"1143",58,"mouse9","day6",11.61797662
"1144",58,"mouse9","day7",14.95142541
"1145",58,"mouse9","day9",14.34177744
"1146",58,"mouse9","day11",13.08360542
"1147",58,"mouse9","day13",15.83021359
"1148",58,"mouse9","day15",17.7966853
"1149",58,"mouse9","pair1",9.950455804
"1150",58,"mouse9","pair2",19.88438822
"1151",58,"mouse9","pair3",13.41875647
"1152",58,"mouse9","day1",13.09300489
"1153",58,"mouse9","day2",13.26583654
"1154",58,"mouse9","day3",13.67162494
"1155",58,"mouse9","day4",10.99704864
"1156",58,"mouse9","day5",11.5719217
