Timestamp,Actor,Behavior,Recipient,Location,Outside assigned observation time
1/8/2016 10:59,"5, 9",Fighting,"5, 9",NB5,
1/8/2016 10:58,Start,Start,Start,Start,
1/8/2016 11:00,"5, 12",Fighting,"5, 12",NB1,
1/8/2016 11:01,9,Fighting,1,NB5,
1/8/2016 11:01,"9, 12",Fighting,"9, 12",NB5,
1/8/2016 11:03,"3, 5",Fighting,"3, 5",NB1,
1/8/2016 11:04,"5, 9",Fighting,"5, 9",NB1,
1/8/2016 11:04,"5, 12",Fighting,"5, 12",NB5,
1/8/2016 11:06,"9, 12",Fighting,"9, 12",NB5,
1/8/2016 11:07,"3, 5",Fighting,"3, 5",NB1,
1/8/2016 11:07,"3, 12",Fighting,"3, 12",NB1,
1/8/2016 11:08,9,Fighting,2,NB5,
1/8/2016 11:08,9,Fighting,4,NB5,
1/8/2016 11:08,9,Fighting,7,NB5,
1/8/2016 11:09,"9, 12",Fighting,"9, 12",NB5,
1/8/2016 11:10,12,Fighting,9,NB5,
1/8/2016 11:10,12,Fighting,9,NB1,
1/8/2016 11:11,12,Fighting,7,NB5,
1/8/2016 11:11,12,Fighting,9,NB1,
1/8/2016 11:11,12,Fighting,6,NB5,
1/8/2016 11:15,12,Subordinate,9,NB1,
1/8/2016 11:16,12,Fighting,9,NB1,
1/8/2016 11:16,12,Subordinate,7,NB1,
1/8/2016 11:17,12,Fighting,9,NB1,
1/8/2016 11:17,12,Fighting,7,NB1,
1/8/2016 11:17,12,Fighting,8,NB5,
1/8/2016 11:18,12,Fighting,7,NB4,
1/8/2016 11:22,12,Fighting,5,LR,
1/8/2016 11:24,12,Fighting,3,LL,
1/8/2016 11:24,12,Subordinate,3,LR,
1/8/2016 11:24,12,Fighting,2,LR,
1/8/2016 11:25,12,Subordinate,5,NB2,
1/8/2016 11:25,12,Subordinate,7,NB1,
1/8/2016 11:27,12,Fighting,3,LL,
1/8/2016 11:27,12,Induce-flee,3,LL,
1/8/2016 11:28,12,Fighting,3,LR,
1/8/2016 11:29,12,Fighting,7,LL,
1/8/2016 11:29,12,Fighting,3,LL,
1/8/2016 11:29,12,Fighting,11,LL,
1/8/2016 11:29,12,Fighting,7,LL,
1/8/2016 11:30,12,Subordinate,3,LL,
1/8/2016 11:33,12,Subordinate,11,LL,
1/8/2016 11:35,12,Fighting,8,NB4,
1/8/2016 11:37,12,Fighting,9,NB4,
1/8/2016 11:38,12,Fighting,9,NB2,
1/8/2016 11:38,12,Fighting,8,NB5,
1/8/2016 11:39,12,Fighting,9,NB5,
1/8/2016 11:39,12,Fighting,9,NB5,
1/8/2016 11:40,12,Fighting,9,NB2,
1/8/2016 11:40,12,Fighting,6,NB2,
1/8/2016 11:40,12,Fighting,6,Start,
1/8/2016 11:41,11,Subordinate,7,LR,
1/8/2016 11:42,11,Chasing,7,LR,
1/8/2016 11:42,6,Fighting,2,UL,
1/8/2016 11:42,12,Fighting,5,NB2,
1/8/2016 11:42,12,Fighting,5,NB2,
1/8/2016 11:43,12,Fighting,5,NB5,
1/8/2016 11:45,11,Chasing,8,LR,
1/8/2016 11:46,6,Fighting,2,MR,
1/8/2016 11:47,6,Fighting,2,MR,
1/8/2016 11:48,6,Fighting,4,MR,
1/8/2016 11:49,12,Fighting,1,NB4,
1/8/2016 11:50,12,Fighting,5,NB5,
1/8/2016 11:50,12,Fighting,9,NB5,
1/8/2016 11:51,12,Fighting,5,NB2,
1/8/2016 11:51,12,Fighting,5,NB2,
1/8/2016 11:56,12,Fighting,1,NB4,
1/8/2016 11:59,End,End,End,End,
1/8/2016 16:32,3,Fighting,8,NB5,Yes
1/8/2016 16:32,12,Fighting,3,NB5,Yes
1/8/2016 16:33,12,Chasing,8,NB5,Yes
1/9/2016 12:59,Start,Start,Start,Start,
1/9/2016 13:02,12,Fighting,8,UL,
1/9/2016 13:08,12,Fighting,9,LL,
1/9/2016 13:08,12,Fighting,5,UR,
1/9/2016 13:09,12,Fighting,5,LL,
1/9/2016 13:15,12,Fighting,2,LL,
1/9/2016 13:16,12,Fighting,2,LL,
1/9/2016 13:16,12,Chasing,11,LR,
1/9/2016 13:17,12,Fighting,9,LL,
1/9/2016 13:17,12,Chasing,9,LL,
1/9/2016 13:17,12,Chasing,9,MR,
1/9/2016 13:18,12,Fighting,9,LL,
1/9/2016 13:18,12,Fighting,2,NB5,
1/9/2016 13:24,12,Fighting,9,LL,
1/9/2016 13:24,12,Fighting,7,LL,
1/9/2016 13:26,12,Chasing,8,UR,
1/9/2016 13:28,12,"Fighting, Mounting",8,LL,
1/9/2016 13:29,12,Fighting,3,LL,
1/9/2016 13:29,12,Fighting,3,LL,
1/9/2016 13:29,12,Fighting,5,LL,
1/9/2016 13:29,12,Fighting,9,LL,
1/9/2016 13:30,12,Subordinate,5,LL,
1/9/2016 13:31,12,Fighting,2,UL,
1/9/2016 13:31,12,Subordinate,7,LR,
1/9/2016 13:36,12,Fighting,4,NB5,
1/9/2016 13:37,12,Fighting,4,NB2,
1/9/2016 13:39,12,Fighting,6,LL,
1/9/2016 13:42,12,Fighting,3,NB2,
1/9/2016 13:43,12,Subordinate,3,NB2,
1/9/2016 13:48,2,Fighting,8,LL,
1/9/2016 13:50,2,Chasing,8,MR,
1/9/2016 13:52,12,Chasing,2,MR,
1/9/2016 13:52,12,Fighting,7,LR,
1/9/2016 13:59,End,End,End,End,
1/9/2016 16:52,11,Chasing,4,MR,Yes
1/10/2016 11:59,Start,Start,Start,Start,
1/10/2016 12:02,12,Subordinate,6,UR,
1/10/2016 12:03,12,Fighting,3,ML,
1/10/2016 12:04,12,Fighting,5,NB2,
1/10/2016 12:05,12,Fighting,11,ML,
1/10/2016 12:14,12,Fighting,8,UL,
1/10/2016 12:14,12,Induce-flee,11,LL,
1/10/2016 12:14,12,Fighting,2,LL,
1/10/2016 12:14,12,Fighting,2,LL,
1/10/2016 12:15,11,Subordinate,8,LL,
1/10/2016 12:18,11,Fighting,5,LL,
1/10/2016 12:18,12,Chasing,11,LL,
1/10/2016 12:18,12,Induce-flee,11,LL,
1/10/2016 12:19,12,Fighting,8,UL,
1/10/2016 12:19,12,Fighting,8,MR,
1/10/2016 12:20,12,Fighting,8,LL,
1/10/2016 12:20,12,Fighting,11,LL,
1/10/2016 12:23,12,Fighting,9,LR,
1/10/2016 12:23,12,Chasing,9,LL,
1/10/2016 12:23,11,Chasing,5,NB4,
1/10/2016 12:24,12,Fighting,11,ML,
1/10/2016 12:25,12,Fighting,2,LL,
1/10/2016 12:28,12,Fighting,11,UL,
1/10/2016 12:34,12,Fighting,8,NB5,
1/10/2016 12:36,12,Chasing,5,LL,
1/10/2016 12:37,12,Fighting,9,LL,
1/10/2016 12:38,12,Chasing,4,NB5,
1/10/2016 12:38,12,Fighting,4,UR,
1/10/2016 12:39,11,Induce-flee,5,NB2,
1/10/2016 12:41,12,Fighting,8,UR,
1/10/2016 12:44,12,Fighting,2,LR,
1/10/2016 12:45,12,Fighting,4,NB1,
1/10/2016 12:45,12,Fighting,5,NB1,
1/10/2016 12:46,12,Fighting,3,NB1,
1/10/2016 12:48,11,Subordinate,6,LL,
1/10/2016 12:48,11,Fighting,9,LL,
1/10/2016 12:51,12,Fighting,11,UL,
1/10/2016 12:53,8,Fighting,5,NB2,
1/10/2016 12:53,8,Fighting,11,NB1,
1/10/2016 12:54,11,Chasing,8,LL,
1/10/2016 12:54,1,Subordinate,9,NB2,
1/10/2016 12:58,12,Chasing,7,UL,
1/10/2016 12:59,12,Induce-flee,2,UL,
1/10/2016 12:59,End,End,End,End,
1/10/2016 14:00,11,Fighting,4,NB2,Yes
1/11/2016 12:17,8,Fighting,7,NB5,Yes
1/11/2016 15:59,Start,Start,Start,Start,
1/11/2016 16:06,8,"Fighting, Chasing",9,UL,
1/11/2016 16:08,8,"Fighting, Chasing",4,UL,
1/11/2016 16:08,8,Chasing,7,ML,
1/11/2016 16:10,8,"Fighting, Chasing",2,UL,
1/11/2016 16:12,8,"Fighting, Chasing",2,LR,
1/11/2016 16:14,8,Chasing,9,UL,
1/11/2016 16:15,8,"Fighting, Chasing",9,UR,
1/11/2016 16:16,8,"Fighting, Chasing",2,LR,
1/11/2016 16:17,8,"Fighting, Chasing",2,LL,
1/11/2016 16:18,8,"Fighting, Chasing",4,LL,
1/11/2016 16:19,12,Fighting,5,NB5,
1/11/2016 16:23,8,"Fighting, Chasing",11,LR,
1/11/2016 16:23,8,"Fighting, Chasing",11,ML,
1/11/2016 16:27,12,Subordinate,8,LR,
1/11/2016 16:35,12,Fighting,11,NB5,
1/11/2016 16:45,12,Fighting,11,NB5,
1/11/2016 16:50,12,"Fighting, Chasing",7,MR,
1/11/2016 16:53,12,Fighting,2,MR,
1/11/2016 16:54,8,"Fighting, Chasing",11,UL,
1/11/2016 16:59,8,Chasing,7,UL,
1/11/2016 17:00,End,End,End,End,
1/12/2016 12:59,Start,Start,Start,Start,
1/12/2016 13:00,8,Chasing,9,MR,
1/12/2016 13:05,8,Fighting,4,LR,
1/12/2016 13:05,8,Subordinate,4,LR,
1/12/2016 13:09,8,"Chasing, Induce-flee",4,UL,
1/12/2016 13:14,8,"Fighting, Chasing",9,UL,
1/12/2016 13:16,8,Induce-flee,4,LL,
1/12/2016 13:18,8,Induce-flee,4,LL,
1/12/2016 13:19,8,Chasing,4,MR,
1/12/2016 13:20,12,Chasing,4,LR,
1/12/2016 13:20,12,Chasing,4,LR,
1/12/2016 13:28,12,"Fighting, Chasing",5,UR,
1/12/2016 13:56,1,Fighting,6,LR,
1/12/2016 14:00,End,End,End,End,
1/12/2016 16:00,Start,Start,Start,Start,
1/12/2016 16:06,12,Fighting,11,LL,
1/12/2016 16:06,12,Fighting,11,LL,
1/12/2016 16:06,12,Chasing,8,UL,
1/12/2016 16:07,2,Fighting,7,NB1,
1/12/2016 16:08,12,Fighting,8,UL,
1/12/2016 16:08,12,Fighting,8,UL,
1/12/2016 16:10,12,Fighting,8,NB1,
1/12/2016 16:12,12,Fighting,11,UL,
1/12/2016 16:27,12,Fighting,8,NB2,
1/12/2016 16:27,12,Fighting,1,NB2,
1/12/2016 16:27,12,Fighting,8,NB2,
1/12/2016 16:27,12,Fighting,8,NB2,
1/12/2016 16:30,12,Fighting,11,LL,
1/12/2016 16:30,12,Fighting,2,LL,
1/12/2016 16:31,12,Chasing,6,LR,
1/12/2016 16:35,2,Fighting,11,LL,
1/12/2016 16:35,2,Fighting,11,LL,
1/12/2016 16:36,2,Fighting,11,LL,
1/12/2016 16:38,12,Induce-flee,2,LL,
1/12/2016 16:46,6,Chasing,9,MR,
1/12/2016 16:49,12,Fighting,6,LR,
1/12/2016 16:49,12,Fighting,6,LL,
1/12/2016 16:59,End,End,End,End,
1/13/2016 12:02,6,Fighting,7,NB5,Yes
1/13/2016 14:00,Start,Start,Start,Start,
1/13/2016 14:04,12,Chasing,4,LR,
1/13/2016 14:08,11,Chasing,9,LR,
1/13/2016 14:14,12,Chasing,4,UR,
1/13/2016 14:28,8,"Fighting, Chasing",4,UR,
1/13/2016 14:32,8,Fighting,9,MR,
1/13/2016 14:34,8,"Fighting, Chasing",9,LR,
1/13/2016 14:41,8,"Fighting, Chasing",7,MR,
1/13/2016 14:49,12,Fighting,8,UL,
1/13/2016 14:54,12,"Fighting, Chasing",8,UL,
1/13/2016 15:01,End,End,End,End,
1/14/2016 11:59,Start,Start,Start,Start,
1/14/2016 12:03,12,Fighting,4,UL,
1/14/2016 12:03,12,Fighting,9,UL,
1/14/2016 12:06,12,Chasing,9,UL,
1/14/2016 12:06,12,Chasing,4,UL,
1/14/2016 12:06,12,Fighting,11,LR,
1/14/2016 12:07,12,Fighting,11,NB5,
1/14/2016 12:16,11,Chasing,9,UL,
1/14/2016 12:23,2,Fighting,9,LL,
1/14/2016 12:27,2,Chasing,11,UL,
1/14/2016 12:32,2,Fighting,11,UL,
1/14/2016 12:33,12,Fighting,2,UR,
1/14/2016 12:33,11,Chasing,2,LL,
1/14/2016 12:35,12,Fighting,2,NB2,
1/14/2016 12:35,12,Fighting,6,NB2,
1/14/2016 12:37,12,Fighting,11,UR,
1/14/2016 12:40,12,Fighting,11,LL,
1/14/2016 12:51,12,Induce-flee,11,LR,
1/14/2016 12:57,12,Fighting,3,MR,
1/14/2016 12:58,12,Fighting,8,NB3,
1/14/2016 12:58,12,Fighting,8,NB3,
1/14/2016 12:59,12,Fighting,8,NB5,
1/14/2016 12:59,End,End,End,End,
1/15/2016 11:04,11,Fighting,1,LR,Yes
1/15/2016 12:00,Start,Start,Start,Start,
1/15/2016 12:11,12,Chasing,5,UR,
1/15/2016 12:11,12,"Fighting, Chasing",5,LL,
1/15/2016 12:11,12,"Fighting, Chasing",5,LL,
1/15/2016 12:12,12,Chasing,11,LR,
1/15/2016 12:16,8,"Fighting, Chasing",11,LL,
1/15/2016 12:17,8,"Fighting, Chasing",11,NB1,
1/15/2016 12:20,11,Fighting,7,NB2,
1/15/2016 12:25,12,Chasing,11,LL,
1/15/2016 12:26,8,"Fighting, Chasing",6,MR,
1/15/2016 12:27,8,Chasing,4,LR,
1/15/2016 12:28,12,"Fighting, Chasing",11,LL,
1/15/2016 12:37,4,Fighting,6,UR,
1/15/2016 12:39,11,Chasing,1,LL,
1/15/2016 12:40,1,"Fighting, Chasing",6,LR,
1/15/2016 12:42,4,Fighting,6,UL,
1/15/2016 12:43,4,Fighting,6,UR,
1/15/2016 12:47,12,"Fighting, Chasing",11,UL,
1/15/2016 12:49,4,Fighting,6,ML,
1/15/2016 12:51,12,"Fighting, Chasing",4,LL,
1/15/2016 12:54,12,Fighting,3,MR,
1/15/2016 12:58,12,Chasing,8,LL,
1/15/2016 13:00,End,End,End,End,
1/15/2016 14:00,Start,Start,Start,Start,
1/15/2016 14:07,2,Fighting,11,LL,
1/15/2016 14:09,12,"Fighting, Chasing",5,MR,
1/15/2016 14:16,3,Fighting,9,UR,
1/15/2016 14:20,3,Fighting,9,UR,
1/15/2016 14:23,4,Chasing,6,LR,
1/15/2016 14:25,4,"Chasing, Induce-flee",2,LL,
1/15/2016 14:38,12,Fighting,8,UR,
1/15/2016 14:40,12,"Fighting, Chasing",8,UR,
1/15/2016 14:42,4,Fighting,8,LL,
1/15/2016 14:45,12,Fighting,1,NB5,
1/15/2016 14:47,12,Chasing,4,UR,
1/15/2016 14:53,12,Chasing,8,UR,
1/15/2016 14:57,8,Fighting,6,UL,
1/15/2016 14:57,12,Fighting,8,UR,
1/15/2016 14:59,End,End,End,End,
1/16/2016 14:01,Start,Start,Start,Start,
1/16/2016 14:02,12,Chasing,6,UL,
1/16/2016 14:06,12,Fighting,4,UR,
1/16/2016 14:07,12,Fighting,9,NB5,
1/16/2016 14:08,12,Fighting,4,NB1,
1/16/2016 14:08,12,Fighting,8,NB5,
1/16/2016 14:09,12,Fighting,4,NB5,
1/16/2016 14:13,12,Fighting,9,UR,
1/16/2016 14:16,12,Fighting,3,UR,
1/16/2016 14:20,12,Fighting,3,UR,
1/16/2016 14:20,12,Fighting,2,NB5,
1/16/2016 14:26,12,Fighting,3,UL,
1/16/2016 14:33,12,Chasing,6,LR,
1/16/2016 14:45,6,Fighting,7,UR,
1/16/2016 14:47,6,Fighting,11,UL,
1/16/2016 14:47,6,Chasing,11,UR,
1/16/2016 14:49,8,Chasing,6,LL,
1/16/2016 14:50,8,Chasing,7,LR,
1/16/2016 14:51,6,Chasing,4,UR,
1/16/2016 14:52,11,Fighting,4,LR,
1/16/2016 14:52,12,Fighting,11,MR,
1/16/2016 14:54,12,Chasing,7,UL,
1/16/2016 14:55,12,Fighting,8,UL,
1/16/2016 14:57,12,Induce-flee,11,LL,
1/16/2016 14:58,12,Fighting,8,NB2,
1/16/2016 14:59,End,End,End,End,
1/16/2016 15:35,6,Chasing,2,MR,Yes
1/16/2016 15:47,6,Fighting,9,NB5,Yes
1/16/2016 15:47,6,Chasing,9,LR,Yes
1/16/2016 16:09,2,Fighting,11,MR,Yes
1/16/2016 16:16,1,Chasing,2,MR,Yes
1/16/2016 16:17,1,Chasing,9,LR,Yes
1/17/2016 12:18,6,Chasing,2,LL,Yes
1/17/2016 12:19,11,Chasing,4,UL,Yes
1/17/2016 12:40,6,Chasing,9,UR,Yes
1/17/2016 12:40,6,Fighting,9,UR,Yes
1/17/2016 12:45,8,Fighting,9,LL,Yes
1/17/2016 12:56,6,Chasing,4,UR,Yes
1/17/2016 12:57,4,Fighting,6,UR,Yes
1/17/2016 12:58,6,Fighting,11,UL,Yes
1/17/2016 12:58,6,Fighting,11,UR,Yes
1/17/2016 12:59,6,Chasing,11,MR,Yes
1/17/2016 14:00,Start,Start,Start,Start,
1/17/2016 14:03,11,Chasing,6,NB1,
1/17/2016 14:04,11,Fighting,6,LR,
1/17/2016 14:10,12,Fighting,8,UL,
1/17/2016 14:12,12,"Fighting, Chasing",5,LL,
1/17/2016 14:16,12,Chasing,6,LR,
1/17/2016 14:18,12,"Fighting, Chasing",2,LR,
1/17/2016 14:23,12,"Fighting, Chasing",11,UR,
1/17/2016 14:28,12,Fighting,8,UL,
1/17/2016 14:45,12,"Fighting, Chasing",7,LL,
1/17/2016 14:57,12,"Fighting, Chasing",11,LL,
1/17/2016 14:59,12,Chasing,4,UR,
1/17/2016 15:00,End,End,End,End,
1/18/2016 11:02,Start,Start,Start,Start,
1/18/2016 11:05,12,"Fighting, Chasing",6,UR,
1/18/2016 11:07,3,Fighting,6,NB5,
1/18/2016 11:09,12,"Fighting, Chasing",7,LL,
1/18/2016 11:12,3,Fighting,7,NB5,
1/18/2016 11:12,12,Fighting,5,UR,
1/18/2016 11:14,1,"Fighting, Chasing",8,LL,
1/18/2016 11:17,12,"Fighting, Chasing",6,LL,
1/18/2016 11:21,12,"Fighting, Chasing",6,LL,
1/18/2016 11:25,12,"Fighting, Chasing",8,UL,
1/18/2016 11:32,12,Chasing,8,ML,
1/18/2016 11:36,12,"Fighting, Chasing",2,MR,
1/18/2016 11:37,12,Chasing,6,LR,
1/18/2016 11:47,12,Chasing,6,NB4,
1/18/2016 11:48,8,"Fighting, Chasing",9,UL,
1/18/2016 11:50,8,"Fighting, Chasing",9,UL,
1/18/2016 12:02,End,End,End,End,
1/18/2016 12:16,3,Fighting,11,MR,Yes
1/18/2016 12:18,2,Fighting,11,LL,Yes
1/18/2016 12:20,2,Fighting,4,UR,Yes
1/18/2016 12:22,2,Fighting,4,UL,Yes
1/19/2016 11:17,1,Fighting,6,LL,Yes
1/19/2016 11:20,11,Chasing,7,LL,Yes
1/19/2016 11:21,1,Fighting,2,LL,Yes
1/19/2016 11:38,3,Fighting,7,MR,Yes
1/19/2016 11:40,1,Fighting,7,LL,Yes
1/19/2016 12:01,Start,Start,Start,Start,
1/19/2016 12:06,12,Fighting,6,MR,
1/19/2016 12:07,2,Fighting,7,NB1,
1/19/2016 12:08,3,Fighting,7,NB3,
1/19/2016 12:11,8,Fighting,6,UR,
1/19/2016 12:13,2,Fighting,6,UR,
1/19/2016 12:14,2,"Fighting, Chasing",6,UR,
1/19/2016 12:14,2,Chasing,11,UL,
1/19/2016 12:18,11,"Fighting, Chasing",5,LL,
1/19/2016 12:20,2,"Fighting, Subordinate",6,ML,
1/19/2016 12:21,2,Fighting,7,MR,
1/19/2016 12:22,12,Chasing,7,LL,
1/19/2016 12:27,8,Fighting,3,LL,
1/19/2016 12:28,"7, 8",Fighting,"7, 8",LL,
1/19/2016 12:34,8,Fighting,7,LL,
1/19/2016 12:35,12,Fighting,8,MR,
1/19/2016 12:39,12,Subordinate,5,NB2,
1/19/2016 12:40,12,Chasing,4,UL,
1/19/2016 12:46,12,Chasing,4,UL,
1/19/2016 12:49,12,"Fighting, Chasing",7,UR,
1/19/2016 13:00,End,End,End,End,
1/19/2016 13:00,Start,Start,Start,Start,
1/19/2016 13:11,4,Fighting,3,LL,
1/19/2016 13:13,11,Chasing,4,UL,
1/19/2016 13:14,12,Chasing,4,MR,
1/19/2016 13:16,11,Subordinate,9,MR,
1/19/2016 13:17,12,"Fighting, Chasing",11,LL,
1/19/2016 13:18,12,Fighting,1,NB2,
1/19/2016 13:27,12,Chasing,4,LL,
1/19/2016 13:35,8,Chasing,6,LR,
1/19/2016 13:36,8,Fighting,11,LL,
1/19/2016 13:36,8,"Fighting, Chasing",6,MR,
1/19/2016 13:37,4,Fighting,6,MR,
1/19/2016 13:38,11,Chasing,4,LL,
1/19/2016 13:38,4,Chasing,6,LR,
1/19/2016 13:39,11,Chasing,4,LL,
1/19/2016 13:39,8,"Fighting, Chasing",6,LL,
1/19/2016 13:42,8,Fighting,11,LR,
1/19/2016 13:45,4,Fighting,6,UR,
1/19/2016 13:47,4,Fighting,6,UR,
1/19/2016 13:48,8,Fighting,11,LR,
1/19/2016 13:49,2,Fighting,4,UL,
1/19/2016 13:50,2,Fighting,4,UL,
1/19/2016 13:51,2,Chasing,11,UR,
1/19/2016 13:52,2,"Fighting, Chasing","6, 11",UL,
1/19/2016 13:53,2,"Fighting, Chasing",8,MR,
1/19/2016 13:54,2,Fighting,11,LL,
1/19/2016 13:54,2,Fighting,8,MR,
1/19/2016 13:56,2,Fighting,4,UL,
1/19/2016 13:56,2,Fighting,6,UR,
1/19/2016 13:58,2,"Fighting, Chasing",8,UL,
1/19/2016 13:59,2,Chasing,8,UL,
1/19/2016 14:00,2,"Fighting, Chasing",8,UL,
1/19/2016 14:00,End,End,End,End,
1/20/2016 11:00,Start,Start,Start,Start,
1/20/2016 11:01,12,Fighting,6,UL,
1/20/2016 11:08,12,Chasing,6,UL,
1/20/2016 11:12,12,Chasing,7,LL,
1/20/2016 11:15,12,Chasing,7,MR,
1/20/2016 11:16,12,Fighting,9,UL,
1/20/2016 11:17,12,Fighting,5,UL,
1/20/2016 11:18,12,Chasing,5,UR,
1/20/2016 11:18,12,Fighting,5,UL,
1/20/2016 11:20,12,Fighting,6,ML,
1/20/2016 11:21,12,Fighting,3,UR,
1/20/2016 11:21,12,Fighting,3,UR,
1/20/2016 11:22,12,Fighting,3,UR,
1/20/2016 11:23,12,Chasing,6,ML,
1/20/2016 11:24,12,Fighting,1,LL,
1/20/2016 11:27,12,Subordinate,3,UR,
1/20/2016 11:30,12,Fighting,3,UL,
1/20/2016 11:35,12,Subordinate,8,LR,
1/20/2016 11:35,12,Fighting,1,LL,
1/20/2016 11:46,12,Induce-flee,11,UL,
1/20/2016 11:50,12,Chasing,11,LR,
1/20/2016 11:51,12,Induce-flee,3,LL,
1/20/2016 11:52,12,Fighting,5,UL,
1/20/2016 11:52,4,Fighting,3,LL,
1/20/2016 11:53,12,Fighting,4,LL,
1/20/2016 11:53,12,Fighting,8,LL,
1/20/2016 12:00,End,End,End,End,
1/20/2016 12:01,3,Chasing,6,UL,Yes
1/20/2016 12:02,3,Chasing,7,UR,Yes
1/20/2016 12:02,3,Fighting,7,UR,Yes
1/20/2016 12:03,3,Fighting,9,UR,Yes
1/20/2016 12:03,11,Fighting,9,UL,Yes
1/20/2016 12:18,3,Chasing,5,UR,Yes
1/20/2016 12:52,8,Chasing,6,UL,Yes
1/20/2016 12:52,8,Subordinate,6,UR,Yes
1/20/2016 14:00,Start,Start,Start,Start,
1/20/2016 14:02,2,Fighting,3,UR,
1/20/2016 14:05,12,"Fighting, Chasing",11,LL,
1/20/2016 14:09,12,Fighting,9,NB5,
1/20/2016 14:29,12,"Fighting, Chasing",3,LR,
1/20/2016 14:31,12,"Fighting, Chasing",9,MR,
1/20/2016 14:36,12,Fighting,11,NB5,
1/20/2016 14:36,12,Fighting,11,NB5,
1/20/2016 14:38,9,Fighting,3,NB2,
1/20/2016 14:41,12,Fighting,9,NB5,
1/20/2016 14:47,8,Chasing,7,LL,
1/20/2016 14:48,12,Fighting,9,UR,
1/20/2016 15:00,End,End,End,End,
1/21/2016 11:59,Start,Start,Start,Start,
1/21/2016 12:01,12,Fighting,3,LR,
1/21/2016 12:03,12,Fighting,5,UL,
1/21/2016 12:06,12,"Fighting, Chasing",7,UL,
1/21/2016 12:09,12,"Fighting, Chasing",9,ML,
1/21/2016 12:11,12,Induce-flee,11,UR,
1/21/2016 12:15,12,"Fighting, Chasing, Induce-flee",2,MR,
1/21/2016 12:21,12,"Fighting, Chasing",6,MR,
1/21/2016 12:23,12,Induce-flee,11,MR,
1/21/2016 12:24,8,Chasing,9,UL,
1/21/2016 12:29,8,Fighting,6,LL,
1/21/2016 12:31,12,"Fighting, Chasing, Induce-flee",2,NB4,
1/21/2016 12:36,12,Fighting,2,LL,
1/21/2016 12:44,8,"Fighting, Chasing",3,UR,
1/21/2016 12:54,3,Fighting,7,UR,
1/21/2016 12:55,3,"Fighting, Chasing",7,UL,
1/21/2016 13:00,End,End,End,End,
1/21/2016 13:00,Start,Start,Start,Start,
1/21/2016 13:02,12,Fighting,3,NB5,
1/21/2016 13:02,12,Fighting,3,NB5,
1/21/2016 13:03,12,Fighting,3,NB5,
1/21/2016 13:04,2,Fighting,3,NB1,
1/21/2016 13:05,12,Fighting,2,UR,
1/21/2016 13:05,12,Chasing,7,LL,
1/21/2016 13:07,2,Chasing,3,NB1,
1/21/2016 13:07,8,Fighting,7,LR,
1/21/2016 13:08,12,Fighting,8,LR,
1/21/2016 13:09,8,Fighting,7,LL,
1/21/2016 13:12,12,Induce-flee,2,MR,
1/21/2016 13:13,3,Fighting,7,UR,
1/21/2016 13:18,12,Fighting,3,MR,
1/21/2016 13:18,12,Fighting,9,LL,
1/21/2016 13:18,12,Fighting,9,LR,
1/21/2016 13:20,12,Fighting,2,UL,
1/21/2016 13:22,11,Chasing,9,NB2,
1/21/2016 13:23,12,Fighting,9,UR,
1/21/2016 13:24,12,Fighting,11,LL,
1/21/2016 13:26,8,Fighting,11,LR,
1/21/2016 13:27,12,Fighting,11,LR,
1/21/2016 13:28,12,Fighting,9,UR,
1/21/2016 13:28,12,Subordinate,7,UR,
1/21/2016 13:28,12,Subordinate,9,UR,
1/21/2016 13:33,8,Fighting,9,UR,
1/21/2016 13:33,12,Fighting,2,LL,
1/21/2016 13:33,8,Fighting,9,UR,
1/21/2016 13:38,12,Fighting,5,UR,
1/21/2016 13:38,12,Fighting,5,NB2,
1/21/2016 13:41,12,Chasing,11,UR,
1/21/2016 13:42,12,Fighting,11,UL,
1/21/2016 13:43,12,Fighting,11,UR,
1/21/2016 13:52,12,Chasing,11,LL,
1/21/2016 13:55,12,Fighting,3,UR,
1/21/2016 13:55,12,Subordinate,11,UL,
1/21/2016 13:58,8,Fighting,7,LR,
1/21/2016 13:59,End,End,End,End,
1/22/2016 15:01,Start,Start,Start,Start,
1/22/2016 15:06,12,Chasing,8,UL,
1/22/2016 15:12,8,Chasing,11,LL,
1/22/2016 15:13,12,Chasing,4,LL,
1/22/2016 15:14,12,"Fighting, Chasing",8,MR,
1/22/2016 15:20,12,Chasing,2,LL,
1/22/2016 15:20,12,Chasing,11,LL,
1/22/2016 15:22,8,Fighting,4,MR,
1/22/2016 15:27,8,"Fighting, Chasing",11,LR,
1/22/2016 15:28,2,Fighting,6,NB5,
1/22/2016 15:29,2,Fighting,3,NB5,
1/22/2016 15:29,8,Chasing,3,LL,
1/22/2016 15:37,2,Fighting,3,NB1,
1/22/2016 15:38,8,Fighting,7,LR,
1/22/2016 15:41,12,Chasing,2,LR,
1/22/2016 15:43,8,Chasing,7,MR,
1/22/2016 15:46,8,Chasing,11,UL,
1/22/2016 15:47,12,Fighting,2,NB1,
1/22/2016 15:50,8,Fighting,7,UL,
1/22/2016 15:51,8,Fighting,11,UL,
1/22/2016 15:53,8,Chasing,11,UR,
1/22/2016 15:57,8,Fighting,3,UL,
1/22/2016 16:00,End,End,End,End,
1/22/2016 16:00,Start,Start,Start,Start,
1/22/2016 16:02,8,Fighting,11,UL,
1/22/2016 16:03,8,Fighting,9,UR,
1/22/2016 16:08,6,Fighting,9,UR,
1/22/2016 16:08,6,Fighting,1,UR,
1/22/2016 16:09,6,"Fighting, Chasing",7,UR,
1/22/2016 16:12,8,"Fighting, Chasing",9,UR,
1/22/2016 16:19,12,"Fighting, Chasing",4,MR,
1/22/2016 16:23,12,"Fighting, Chasing",2,UL,
1/22/2016 16:23,12,"Fighting, Subordinate",2,NB5,
1/22/2016 16:24,12,Fighting,2,NB5,
1/22/2016 16:45,12,Induce-flee,4,UL,
1/22/2016 16:48,12,"Fighting, Chasing",1,UR,
1/22/2016 16:49,8,Fighting,7,MR,
1/22/2016 17:00,End,End,End,End,
1/23/2016 15:22,8,Fighting,9,NB5,Yes
1/23/2016 15:59,Start,Start,Start,End,
1/23/2016 16:06,12,Fighting,6,UL,
1/23/2016 16:10,12,Fighting,6,ML,
1/23/2016 16:11,12,Fighting,8,UL,
1/23/2016 16:11,12,Fighting,8,UL,
1/23/2016 16:13,12,Subordinate,8,UL,
1/23/2016 16:18,12,Chasing,2,NB1,
1/23/2016 16:19,12,Subordinate,3,NB4,
1/23/2016 16:20,8,Fighting,6,UL,
1/23/2016 16:21,8,Chasing,7,UL,
1/23/2016 16:22,2,Fighting,6,UL,
1/23/2016 16:22,2,"Fighting, Chasing",8,UL,
1/23/2016 16:23,2,Subordinate,6,ML,
1/23/2016 16:23,2,Chasing,8,ML,
1/23/2016 16:23,2,Fighting,8,UL,
1/23/2016 16:23,12,Chasing,2,UL,
1/23/2016 16:24,12,Fighting,2,UR,
1/23/2016 16:24,12,Fighting,2,LR,
1/23/2016 16:24,12,Fighting,8,LR,
1/23/2016 16:25,12,Subordinate,3,UR,
1/23/2016 16:28,2,Fighting,7,NB2,
1/23/2016 16:29,12,Induce-flee,6,UL,
1/23/2016 16:31,8,Fighting,9,LR,
1/23/2016 16:31,8,Fighting,7,NB3,
1/23/2016 16:32,2,Fighting,8,NB1,
1/23/2016 16:34,2,Fighting,9,NB2,
1/23/2016 16:34,2,Fighting,7,NB1,
1/23/2016 16:34,2,Fighting,7,NB1,
1/23/2016 16:40,2,Fighting,6,NB2,
1/23/2016 16:41,12,Fighting,11,NB2,
1/23/2016 16:41,12,Fighting,2,NB2,
1/23/2016 16:45,12,Induce-flee,5,NB1,
1/23/2016 16:45,12,Induce-flee,11,NB1,
1/23/2016 16:53,12,Chasing,2,ML,
1/23/2016 16:55,12,Fighting,3,NB1,
1/23/2016 16:56,9,Fighting,3,NB2,
1/23/2016 16:58,12,Fighting,3,NB1,
1/23/2016 16:59,3,Fighting,5,NB1,
1/23/2016 16:59,3,Fighting,5,NB1,
1/23/2016 17:00,End,End,End,End,
1/24/2016 15:35,8,Fighting,3,UR,Yes
1/24/2016 15:53,8,Fighting,11,UR,Yes
1/24/2016 15:53,8,"Fighting, Chasing",11,UL,Yes
1/24/2016 15:54,8,Chasing,11,UR,Yes
1/24/2016 15:59,Start,Start,Start,Start,
1/24/2016 16:02,8,Chasing,11,UL,
1/24/2016 16:04,8,Fighting,11,UR,
1/24/2016 16:04,8,Chasing,11,LL,
1/24/2016 16:11,12,Fighting,6,NB5,
1/24/2016 16:13,2,Fighting,4,NB1,
1/24/2016 16:14,2,"Fighting, Chasing",7,NB2,
1/24/2016 16:18,8,Fighting,11,UL,
1/24/2016 16:21,12,Chasing,6,LL,
1/24/2016 16:22,12,Chasing,9,MR,
1/24/2016 16:23,12,Chasing,8,UL,
1/24/2016 16:24,12,Subordinate,11,ML,
1/24/2016 16:26,12,Chasing,6,UL,
1/24/2016 16:27,12,Subordinate,8,ML,
1/24/2016 16:27,12,Induce-flee,11,UL,
1/24/2016 16:28,12,Induce-flee,6,ML,
1/24/2016 16:30,12,Chasing,9,LL,
1/24/2016 16:32,6,Fighting,11,ML,
1/24/2016 16:32,8,Fighting,11,UL,
1/24/2016 16:36,11,"Fighting, Chasing",9,LL,
1/24/2016 16:37,12,Chasing,9,UL,
1/24/2016 16:37,12,"Fighting, Chasing",8,ML,
1/24/2016 16:39,8,"Fighting, Chasing",7,UL,
1/24/2016 16:39,12,Chasing,8,UR,
1/24/2016 16:40,12,"Fighting, Chasing",9,UR,
1/24/2016 16:43,11,Fighting,9,NB2,
1/24/2016 16:44,12,Fighting,11,LR,
1/24/2016 16:46,6,"Fighting, Chasing",7,LL,
1/24/2016 16:47,6,"Fighting, Chasing",7,LR,
1/24/2016 16:47,12,Subordinate,8,ML,
1/24/2016 16:49,6,"Fighting, Chasing",11,LL,
1/24/2016 16:50,12,Chasing,6,LL,
1/24/2016 16:50,12,"Fighting, Chasing",8,MR,
1/24/2016 16:59,End,End,End,End,
1/25/2016 14:03,Start,Start,Start,Start,
1/25/2016 14:10,4,Fighting,8,UL,
1/25/2016 14:24,2,Fighting,4,UL,
1/25/2016 14:27,2,Fighting,4,NB2,
1/25/2016 14:27,2,Fighting,8,NB2,
1/25/2016 14:28,2,Fighting,8,NB2,
1/25/2016 14:34,12,Fighting,11,UL,
1/25/2016 14:50,12,Chasing,7,MR,
1/25/2016 14:57,12,Fighting,9,MR,
1/25/2016 15:00,12,"Fighting, Chasing",9,ML,
1/25/2016 15:01,12,"Fighting, Chasing",9,UR,
1/25/2016 15:02,End,End,End,End,
1/25/2016 16:59,3,Fighting,7,NB5,Yes
1/25/2016 17:00,Start,Start,Start,Start,
1/25/2016 17:23,8,Fighting,5,UL,
1/25/2016 17:23,8,Chasing,5,UL,
1/25/2016 17:25,12,Induce-flee,8,ML,
1/25/2016 17:28,12,Fighting,5,UR,
1/25/2016 17:29,8,Chasing,7,UL,
1/25/2016 17:30,12,Chasing,6,UR,
1/25/2016 17:30,3,Chasing,11,LL,
1/25/2016 17:31,8,Fighting,7,MR,
1/25/2016 17:31,12,Fighting,8,MR,
1/25/2016 17:32,"1, 8",Fighting,"1, 8",LR,
1/25/2016 17:32,"1, 8",Fighting,"1, 8",LR,
1/25/2016 17:32,12,Chasing,7,MR,
1/25/2016 17:32,12,Fighting,1,LR,
1/25/2016 17:33,12,"Fighting, Chasing",4,LR,
1/25/2016 17:33,8,Chasing,11,LR,
1/25/2016 17:33,12,Chasing,8,MR,
1/25/2016 17:33,12,Fighting,4,MR,
1/25/2016 17:34,12,Chasing,11,UR,
1/25/2016 17:35,2,Fighting,5,NB2,
1/25/2016 17:36,8,Chasing,4,LR,
1/25/2016 17:36,12,Chasing,9,UR,
1/25/2016 17:36,12,Chasing,6,LR,
1/25/2016 17:38,12,Chasing,8,UR,
1/25/2016 17:38,12,Fighting,5,UL,
1/25/2016 17:38,12,"Fighting, Chasing",5,LL,
1/25/2016 17:39,8,"Fighting, Chasing",4,UL,
1/25/2016 17:39,1,Fighting,4,LR,
1/25/2016 17:40,1,Chasing,4,LR,
1/25/2016 17:40,8,Fighting,11,UL,
1/25/2016 17:40,1,Subordinate,4,LR,
1/25/2016 17:40,12,Chasing,8,UR,
1/25/2016 17:43,12,Chasing,11,UL,
1/25/2016 17:43,12,Induce-flee,8,UL,
1/25/2016 17:43,2,Fighting,5,NB2,
1/25/2016 17:44,2,Fighting,6,NB2,
1/25/2016 17:44,2,"Fighting, Chasing",6,NB1,
1/25/2016 17:45,12,"Fighting, Chasing",2,UL,
1/25/2016 17:46,12,"Fighting, Chasing",4,LR,
1/25/2016 17:46,12,Fighting,1,LR,
1/25/2016 17:49,8,Chasing,11,UL,
1/25/2016 17:50,12,Chasing,8,UL,
1/25/2016 17:52,"1, 2",Fighting,"1, 2",LL,
1/25/2016 17:53,2,Fighting,1,LR,
1/25/2016 17:53,2,Fighting,4,LR,
1/25/2016 17:53,2,Fighting,1,LR,
1/25/2016 17:53,1,"Fighting, Chasing",11,LR,
1/25/2016 17:54,2,Fighting,1,LR,
1/25/2016 17:54,2,Fighting,4,LR,
1/25/2016 17:54,12,"Fighting, Chasing",2,LL,
1/25/2016 17:54,12,Fighting,1,LR,
1/25/2016 17:54,2,"Fighting, Chasing",4,LL,
1/25/2016 17:54,12,"Fighting, Chasing",4,LL,
1/25/2016 17:55,2,Fighting,1,LR,
1/25/2016 17:55,12,"Fighting, Chasing",1,LL,
1/25/2016 17:55,12,Fighting,2,NB2,
1/25/2016 17:56,11,Fighting,5,UR,
1/25/2016 17:58,8,Chasing,11,UL,
1/25/2016 18:01,End,End,End,End,
1/25/2016 18:01,3,Chasing,9,UR,Yes
1/25/2016 18:03,11,Subordinate,4,UL,Yes
1/25/2016 18:03,8,Chasing,11,UL,Yes
1/25/2016 18:04,11,"Fighting, Chasing",9,UL,Yes
1/25/2016 18:04,11,Fighting,5,UR,Yes
1/25/2016 18:06,8,Chasing,6,ML,Yes
1/25/2016 18:06,8,"Fighting, Chasing",11,UL,Yes
1/25/2016 18:07,8,Chasing,11,UR,Yes
1/25/2016 18:07,8,Fighting,4,UL,Yes
1/25/2016 18:07,8,"Fighting, Chasing",6,UL,Yes
1/25/2016 18:08,8,"Fighting, Chasing",11,ML,Yes
1/25/2016 18:08,3,"Fighting, Chasing",9,UR,Yes
1/25/2016 18:08,3,Fighting,11,MR,Yes
1/25/2016 18:09,11,Chasing,9,MR,Yes
1/25/2016 18:10,3,"Fighting, Chasing",11,MR,Yes
1/25/2016 18:11,8,"Fighting, Chasing",5,UR,Yes
1/25/2016 18:11,8,Chasing,6,MR,Yes
1/25/2016 18:12,8,"Fighting, Chasing",5,MR,Yes
1/25/2016 18:12,6,Subordinate,5,LR,Yes
1/25/2016 18:13,8,"Fighting, Chasing",5,LR,Yes
1/25/2016 18:13,8,Fighting,11,MR,Yes
1/26/2016 13:07,8,Chasing,7,MR,Yes
1/26/2016 13:16,6,Fighting,9,UL,Yes
1/26/2016 13:20,3,Subordinate,9,UR,Yes
1/26/2016 13:20,3,Fighting,7,UR,Yes
1/26/2016 13:20,3,"Fighting, Chasing",9,UR,Yes
1/26/2016 13:21,3,Fighting,9,UL,Yes
1/26/2016 13:22,2,Chasing,11,UL,Yes
1/26/2016 13:22,2,"Fighting, Chasing",4,UL,Yes
1/26/2016 13:23,2,Induce-flee,8,UL,Yes
1/26/2016 13:23,3,"Fighting, Chasing",9,UR,Yes
1/26/2016 13:23,2,"Fighting, Chasing",3,UL,Yes
1/26/2016 13:24,3,Fighting,9,UR,Yes
1/26/2016 13:24,2,Chasing,3,UL,Yes
1/26/2016 13:25,2,Fighting,4,UL,Yes
1/26/2016 13:25,2,Fighting,9,UL,Yes
1/26/2016 13:26,2,Chasing,11,UL,Yes
1/26/2016 13:28,2,Fighting,8,ML,Yes
1/26/2016 13:30,8,Fighting,3,NB5,Yes
1/26/2016 13:30,11,Subordinate,9,UR,Yes
1/26/2016 16:00,Start,Start,Start,Start,
1/26/2016 16:09,12,Fighting,"3, 6",NB1,
1/26/2016 16:10,2,Fighting,6,NB2,
1/26/2016 16:13,2,Fighting,6,NB2,
1/26/2016 16:17,12,"Fighting, Chasing",6,LL,
1/26/2016 16:22,12,Fighting,11,ML,
1/26/2016 16:23,12,Fighting,11,UL,
1/26/2016 16:29,12,Fighting,2,NB2,
1/26/2016 16:35,12,Fighting,11,UL,
1/26/2016 16:37,3,Subordinate,9,UR,
1/26/2016 16:37,12,Fighting,3,UR,
1/26/2016 16:38,11,Fighting,9,UL,
1/26/2016 16:38,12,Chasing,11,ML,
1/26/2016 16:39,11,"Fighting, Chasing",9,UL,
1/26/2016 16:42,8,Fighting,9,UL,
1/26/2016 16:48,11,"Fighting, Chasing",9,UL,
1/26/2016 16:50,2,Fighting,9,NB2,
1/26/2016 16:50,2,Fighting,7,NB2,
1/26/2016 17:00,End,End,End,End,
1/26/2016 17:00,Start,Start,Start,Start,
1/26/2016 17:07,8,Chasing,7,UL,
1/26/2016 17:08,11,Fighting,9,NB2,
1/26/2016 17:08,2,Fighting,11,NB2,
1/26/2016 17:14,12,"Fighting, Chasing",8,UR,
1/26/2016 17:22,12,"Fighting, Chasing",8,UL,
1/26/2016 17:24,12,Chasing,8,UL,
1/26/2016 17:25,3,Fighting,7,UR,
1/26/2016 17:27,12,Chasing,8,UR,
1/26/2016 17:27,12,"Fighting, Chasing",8,LR,
1/26/2016 17:28,12,Subordinate,7,MR,
1/26/2016 17:29,12,Fighting,2,ML,
1/26/2016 17:33,8,Fighting,7,NB1,
1/26/2016 17:45,12,Chasing,4,UL,
1/26/2016 17:48,12,Mounting,6,LL,
1/26/2016 17:48,12,"Fighting, Chasing",8,MR,
1/26/2016 17:49,12,"Fighting, Chasing",8,MR,
1/26/2016 17:49,12,"Fighting, Chasing",8,LR,
1/26/2016 17:49,12,Subordinate,8,LR,
1/26/2016 17:50,12,Fighting,4,UR,
1/26/2016 17:51,12,Fighting,4,UL,
1/26/2016 17:51,2,Fighting,1,NB2,
1/26/2016 17:51,2,"Fighting, Chasing",11,NB2,
1/26/2016 17:52,2,Fighting,1,NB2,
1/26/2016 17:53,12,"Fighting, Chasing",4,UL,
1/26/2016 17:53,12,"Fighting, Chasing",8,LR,
1/26/2016 17:53,12,"Fighting, Chasing",8,MR,
1/26/2016 17:54,8,Chasing,4,LR,
1/26/2016 17:54,12,Chasing,8,LR,
1/26/2016 18:01,End,End,End,End,
1/26/2016 18:05,2,Fighting,8,LL,Yes
1/27/2016 11:00,Start,Start,Start,Start,
1/27/2016 11:02,12,Fighting,2,UL,
1/27/2016 11:04,6,Fighting,9,UL,
1/27/2016 11:05,12,Fighting,9,UR,
1/27/2016 11:06,12,Fighting,9,UR,
1/27/2016 11:11,12,Chasing,7,ML,
1/27/2016 11:17,12,Fighting,8,UR,
1/27/2016 11:19,12,"Fighting, Chasing",3,LL,
1/27/2016 11:19,12,"Fighting, Chasing",9,MR,
1/27/2016 11:24,12,"Fighting, Chasing",11,ML,
1/27/2016 11:24,12,"Fighting, Chasing",6,UL,
1/27/2016 11:29,3,Fighting,9,UR,
1/27/2016 11:30,12,Fighting,9,UL,
1/27/2016 11:30,11,Chasing,9,UR,
1/27/2016 11:30,12,Fighting,11,UR,
1/27/2016 11:30,12,Fighting,9,UL,
1/27/2016 11:31,12,Fighting,11,UL,
1/27/2016 11:36,12,Fighting,11,UR,
1/27/2016 11:36,12,Fighting,9,UL,
1/27/2016 11:38,3,Fighting,9,UR,
1/27/2016 11:38,12,Fighting,8,MR,
1/27/2016 11:40,12,Chasing,3,LL,
1/27/2016 11:41,12,Chasing,6,UL,
1/27/2016 11:42,8,Chasing,3,LR,
1/27/2016 11:42,12,Fighting,9,UR,
1/27/2016 11:43,12,Fighting,9,UR,
1/27/2016 11:43,12,"Fighting, Chasing",9,UR,
1/27/2016 11:51,"6, 11",Fighting,"6, 11",UL,
1/27/2016 12:00,End,End,End,End,
1/27/2016 12:00,Start,Start,Start,Start,
1/27/2016 12:01,12,Fighting,8,UL,
1/27/2016 12:03,2,Induce-flee,8,UL,
1/27/2016 12:03,2,Chasing,11,UL,
1/27/2016 12:03,12,"Fighting, Chasing",2,UL,
1/27/2016 12:04,12,"Fighting, Chasing",6,MR,
1/27/2016 12:13,6,Fighting,11,ML,
1/27/2016 12:19,8,Fighting,6,UL,
1/27/2016 12:30,12,Fighting,"4, 9",NB2,
1/27/2016 12:33,12,Fighting,11,NB5,
1/27/2016 12:33,12,"Fighting, Chasing",11,NB1,
1/27/2016 12:45,8,Fighting,6,UL,
1/27/2016 12:49,2,Chasing,8,UL,
1/27/2016 12:50,2,Fighting,6,ML,
1/27/2016 12:52,2,Chasing,3,UL,
1/27/2016 12:54,12,Induce-flee,8,NB4,
1/27/2016 12:55,2,Fighting,6,ML,
1/27/2016 12:55,8,Fighting,5,NB5,
1/27/2016 12:56,8,"Fighting, Chasing",5,NB5,
1/27/2016 12:56,11,Fighting,5,NB2,
1/27/2016 12:57,8,Subordinate,11,NB1,
1/27/2016 13:00,End,End,End,End,
